cve,snyk link,scantist link,Completed,Unsure flag,Comment
CVE-2021-40690,https://security.snyk.io/search?type=any&q=CVE-2021-40690,https://vuldb.scantist.io/cve/libraries/?public_id=CVE-2021-40690,TRUE,FALSE,
CVE-2021-39154,https://security.snyk.io/search?type=any&q=CVE-2021-39154,https://vuldb.scantist.io/cve/libraries/?public_id=CVE-2021-39154,TRUE,FALSE,Not sure about xstream sles package
CVE-2021-39153,https://security.snyk.io/search?type=any&q=CVE-2021-39153,https://vuldb.scantist.io/cve/libraries/?public_id=CVE-2021-39153,TRUE,FALSE,
CVE-2021-39152,https://security.snyk.io/search?type=any&q=CVE-2021-39152,https://vuldb.scantist.io/cve/libraries/?public_id=CVE-2021-39152,TRUE,FALSE,
CVE-2021-39151,https://security.snyk.io/search?type=any&q=CVE-2021-39151,https://vuldb.scantist.io/cve/libraries/?public_id=CVE-2021-39151,TRUE,FALSE,
CVE-2021-39150,https://security.snyk.io/search?type=any&q=CVE-2021-39150,https://vuldb.scantist.io/cve/libraries/?public_id=CVE-2021-39150,TRUE,FALSE,
CVE-2021-39149,https://security.snyk.io/search?type=any&q=CVE-2021-39149,https://vuldb.scantist.io/cve/libraries/?public_id=CVE-2021-39149,TRUE,FALSE,
CVE-2021-39148,https://security.snyk.io/search?type=any&q=CVE-2021-39148,https://vuldb.scantist.io/cve/libraries/?public_id=CVE-2021-39148,TRUE,FALSE,
CVE-2021-39147,https://security.snyk.io/search?type=any&q=CVE-2021-39147,https://vuldb.scantist.io/cve/libraries/?public_id=CVE-2021-39147,TRUE,FALSE,
CVE-2021-39146,https://security.snyk.io/search?type=any&q=CVE-2021-39146,https://vuldb.scantist.io/cve/libraries/?public_id=CVE-2021-39146,TRUE,FALSE,
CVE-2021-39145,https://security.snyk.io/search?type=any&q=CVE-2021-39145,https://vuldb.scantist.io/cve/libraries/?public_id=CVE-2021-39145,TRUE,FALSE,
CVE-2021-39144,https://security.snyk.io/search?type=any&q=CVE-2021-39144,https://vuldb.scantist.io/cve/libraries/?public_id=CVE-2021-39144,TRUE,FALSE,
CVE-2021-39141,https://security.snyk.io/search?type=any&q=CVE-2021-39141,https://vuldb.scantist.io/cve/libraries/?public_id=CVE-2021-39141,TRUE,FALSE,
CVE-2021-39140,https://security.snyk.io/search?type=any&q=CVE-2021-39140,https://vuldb.scantist.io/cve/libraries/?public_id=CVE-2021-39140,TRUE,FALSE,
CVE-2021-39139,https://security.snyk.io/search?type=any&q=CVE-2021-39139,https://vuldb.scantist.io/cve/libraries/?public_id=CVE-2021-39139,TRUE,FALSE,
CVE-2021-37136,https://security.snyk.io/search?type=any&q=CVE-2021-37136,https://vuldb.scantist.io/cve/libraries/?public_id=CVE-2021-37136,TRUE,FALSE,
CVE-2021-36090,https://security.snyk.io/search?type=any&q=CVE-2021-36090,https://vuldb.scantist.io/cve/libraries/?public_id=CVE-2021-36090,TRUE,FALSE,
CVE-2021-35517,https://security.snyk.io/search?type=any&q=CVE-2021-35517,https://vuldb.scantist.io/cve/libraries/?public_id=CVE-2021-35517,TRUE,FALSE,
CVE-2021-35516,https://security.snyk.io/search?type=any&q=CVE-2021-35516,https://vuldb.scantist.io/cve/libraries/?public_id=CVE-2021-35516,TRUE,FALSE,
CVE-2021-35515,https://security.snyk.io/search?type=any&q=CVE-2021-35515,https://vuldb.scantist.io/cve/libraries/?public_id=CVE-2021-35515,TRUE,FALSE,
CVE-2021-34429,https://security.snyk.io/search?type=any&q=CVE-2021-34429,https://vuldb.scantist.io/cve/libraries/?public_id=CVE-2021-34429,TRUE,FALSE,
CVE-2021-34428,https://security.snyk.io/search?type=any&q=CVE-2021-34428,https://vuldb.scantist.io/cve/libraries/?public_id=CVE-2021-34428,TRUE,FALSE,
CVE-2021-31812,https://security.snyk.io/search?type=any&q=CVE-2021-31812,https://vuldb.scantist.io/cve/libraries/?public_id=CVE-2021-31812,TRUE,FALSE,
CVE-2021-31811,https://security.snyk.io/search?type=any&q=CVE-2021-31811,https://vuldb.scantist.io/cve/libraries/?public_id=CVE-2021-31811,TRUE,FALSE,
CVE-2021-31684,https://security.snyk.io/search?type=any&q=CVE-2021-31684,https://vuldb.scantist.io/cve/libraries/?public_id=CVE-2021-31684,TRUE,FALSE,
CVE-2021-30179,https://security.snyk.io/search?type=any&q=CVE-2021-30179,https://vuldb.scantist.io/cve/libraries/?public_id=CVE-2021-30179,TRUE,FALSE,
CVE-2021-29505,https://security.snyk.io/search?type=any&q=CVE-2021-29505,https://vuldb.scantist.io/cve/libraries/?public_id=CVE-2021-29505,TRUE,FALSE,
CVE-2021-29425,https://security.snyk.io/search?type=any&q=CVE-2021-29425,https://vuldb.scantist.io/cve/libraries/?public_id=CVE-2021-29425,TRUE,FALSE,
CVE-2021-28170,https://security.snyk.io/search?type=any&q=CVE-2021-28170,https://vuldb.scantist.io/cve/libraries/?public_id=CVE-2021-28170,TRUE,FALSE,
CVE-2021-28169,https://security.snyk.io/search?type=any&q=CVE-2021-28169,https://vuldb.scantist.io/cve/libraries/?public_id=CVE-2021-28169,TRUE,FALSE,
CVE-2021-28164,https://security.snyk.io/search?type=any&q=CVE-2021-28164,https://vuldb.scantist.io/cve/libraries/?public_id=CVE-2021-28164,TRUE,FALSE,snyk has weird mappings
CVE-2021-27906,https://security.snyk.io/search?type=any&q=CVE-2021-27906,https://vuldb.scantist.io/cve/libraries/?public_id=CVE-2021-27906,TRUE,FALSE,
CVE-2021-27807,https://security.snyk.io/search?type=any&q=CVE-2021-27807,https://vuldb.scantist.io/cve/libraries/?public_id=CVE-2021-27807,TRUE,FALSE,
CVE-2021-26291,https://security.snyk.io/search?type=any&q=CVE-2021-26291,https://vuldb.scantist.io/cve/libraries/?public_id=CVE-2021-26291,TRUE,FALSE,
CVE-2021-25329,https://security.snyk.io/search?type=any&q=CVE-2021-25329,https://vuldb.scantist.io/cve/libraries/?public_id=CVE-2021-25329,TRUE,FALSE,
CVE-2021-22144,https://security.snyk.io/search?type=any&q=CVE-2021-22144,https://vuldb.scantist.io/cve/libraries/?public_id=CVE-2021-22144,TRUE,FALSE,
CVE-2021-22140,https://security.snyk.io/search?type=any&q=CVE-2021-22140,https://vuldb.scantist.io/cve/libraries/?public_id=CVE-2021-22140,TRUE,FALSE,gradle package so the mappings is released as snyk does not have anything
CVE-2021-22097,https://security.snyk.io/search?type=any&q=CVE-2021-22097,https://vuldb.scantist.io/cve/libraries/?public_id=CVE-2021-22097,TRUE,FALSE,
CVE-2021-22096,https://security.snyk.io/search?type=any&q=CVE-2021-22096,https://vuldb.scantist.io/cve/libraries/?public_id=CVE-2021-22096,TRUE,FALSE,snyk mappings range is more than the developer notes
CVE-2021-21409,https://security.snyk.io/search?type=any&q=CVE-2021-21409,https://vuldb.scantist.io/cve/libraries/?public_id=CVE-2021-21409,TRUE,FALSE,
CVE-2021-21351,https://security.snyk.io/search?type=any&q=CVE-2021-21351,https://vuldb.scantist.io/cve/libraries/?public_id=CVE-2021-21351,TRUE,FALSE,
CVE-2021-21350,https://security.snyk.io/search?type=any&q=CVE-2021-21350,https://vuldb.scantist.io/cve/libraries/?public_id=CVE-2021-21350,TRUE,FALSE,
CVE-2021-21349,https://security.snyk.io/search?type=any&q=CVE-2021-21349,https://vuldb.scantist.io/cve/libraries/?public_id=CVE-2021-21349,TRUE,FALSE,
CVE-2021-21348,https://security.snyk.io/search?type=any&q=CVE-2021-21348,https://vuldb.scantist.io/cve/libraries/?public_id=CVE-2021-21348,TRUE,FALSE,
CVE-2021-21347,https://security.snyk.io/search?type=any&q=CVE-2021-21347,https://vuldb.scantist.io/cve/libraries/?public_id=CVE-2021-21347,TRUE,FALSE,
CVE-2021-21346,https://security.snyk.io/search?type=any&q=CVE-2021-21346,https://vuldb.scantist.io/cve/libraries/?public_id=CVE-2021-21346,TRUE,FALSE,
CVE-2021-21345,https://security.snyk.io/search?type=any&q=CVE-2021-21345,https://vuldb.scantist.io/cve/libraries/?public_id=CVE-2021-21345,TRUE,FALSE,
CVE-2021-21344,https://security.snyk.io/search?type=any&q=CVE-2021-21344,https://vuldb.scantist.io/cve/libraries/?public_id=CVE-2021-21344,TRUE,FALSE,
CVE-2021-21343,https://security.snyk.io/search?type=any&q=CVE-2021-21343,https://vuldb.scantist.io/cve/libraries/?public_id=CVE-2021-21343,TRUE,FALSE,
CVE-2021-21342,https://security.snyk.io/search?type=any&q=CVE-2021-21342,https://vuldb.scantist.io/cve/libraries/?public_id=CVE-2021-21342,TRUE,FALSE,
CVE-2021-21341,https://security.snyk.io/search?type=any&q=CVE-2021-21341,https://vuldb.scantist.io/cve/libraries/?public_id=CVE-2021-21341,TRUE,FALSE,
CVE-2021-21295,https://security.snyk.io/search?type=any&q=CVE-2021-21295,https://vuldb.scantist.io/cve/libraries/?public_id=CVE-2021-21295,TRUE,FALSE,
CVE-2021-21290,https://security.snyk.io/search?type=any&q=CVE-2021-21290,https://vuldb.scantist.io/cve/libraries/?public_id=CVE-2021-21290,TRUE,FALSE,
CVE-2021-20328,https://security.snyk.io/search?type=any&q=CVE-2021-20328,https://vuldb.scantist.io/cve/libraries/?public_id=CVE-2021-20328,TRUE,FALSE,
CVE-2021-20220,https://security.snyk.io/search?type=any&q=CVE-2021-20220,https://vuldb.scantist.io/cve/libraries/?public_id=CVE-2021-20220,TRUE,FALSE,
CVE-2021-20190,https://security.snyk.io/search?type=any&q=CVE-2021-20190,https://vuldb.scantist.io/cve/libraries/?public_id=CVE-2021-20190,TRUE,FALSE,
CVE-2020-9548,https://security.snyk.io/search?type=any&q=CVE-2020-9548,https://vuldb.scantist.io/cve/libraries/?public_id=CVE-2020-9548,TRUE,FALSE,
CVE-2020-9547,https://security.snyk.io/search?type=any&q=CVE-2020-9547,https://vuldb.scantist.io/cve/libraries/?public_id=CVE-2020-9547,TRUE,FALSE,
CVE-2020-9546,https://security.snyk.io/search?type=any&q=CVE-2020-9546,https://vuldb.scantist.io/cve/libraries/?public_id=CVE-2020-9546,TRUE,FALSE,
CVE-2020-9484,https://security.snyk.io/search?type=any&q=CVE-2020-9484,https://vuldb.scantist.io/cve/libraries/?public_id=CVE-2020-9484,TRUE,FALSE,
CVE-2020-8908,https://security.snyk.io/search?type=any&q=CVE-2020-8908,https://vuldb.scantist.io/cve/libraries/?public_id=CVE-2020-8908,TRUE,FALSE,
CVE-2020-8840,https://security.snyk.io/search?type=any&q=CVE-2020-8840,https://vuldb.scantist.io/cve/libraries/?public_id=CVE-2020-8840,TRUE,FALSE,
CVE-2020-7656,https://security.snyk.io/search?type=any&q=CVE-2020-7656,https://vuldb.scantist.io/cve/libraries/?public_id=CVE-2020-7656,TRUE,FALSE,
CVE-2020-7238,https://security.snyk.io/search?type=any&q=CVE-2020-7238,https://vuldb.scantist.io/cve/libraries/?public_id=CVE-2020-7238,TRUE,FALSE,
CVE-2020-7021,https://security.snyk.io/search?type=any&q=CVE-2020-7021,https://vuldb.scantist.io/cve/libraries/?public_id=CVE-2020-7021,TRUE,FALSE,
CVE-2020-7020,https://security.snyk.io/search?type=any&q=CVE-2020-7020,https://vuldb.scantist.io/cve/libraries/?public_id=CVE-2020-7020,TRUE,FALSE,
CVE-2020-7014,https://security.snyk.io/search?type=any&q=CVE-2020-7014,https://vuldb.scantist.io/cve/libraries/?public_id=CVE-2020-7014,TRUE,FALSE,
CVE-2020-5529,https://security.snyk.io/search?type=any&q=CVE-2020-5529,https://vuldb.scantist.io/cve/libraries/?public_id=CVE-2020-5529,TRUE,FALSE,
CVE-2020-5408,https://security.snyk.io/search?type=any&q=CVE-2020-5408,https://vuldb.scantist.io/cve/libraries/?public_id=CVE-2020-5408,TRUE,FALSE,
CVE-2020-5407,https://security.snyk.io/search?type=any&q=CVE-2020-5407,https://vuldb.scantist.io/cve/libraries/?public_id=CVE-2020-5407,TRUE,FALSE,
CVE-2020-5398,https://security.snyk.io/search?type=any&q=CVE-2020-5398,https://vuldb.scantist.io/cve/libraries/?public_id=CVE-2020-5398,TRUE,FALSE,
CVE-2020-36189,https://security.snyk.io/search?type=any&q=CVE-2020-36189,https://vuldb.scantist.io/cve/libraries/?public_id=CVE-2020-36189,TRUE,FALSE,
CVE-2020-36188,https://security.snyk.io/search?type=any&q=CVE-2020-36188,https://vuldb.scantist.io/cve/libraries/?public_id=CVE-2020-36188,TRUE,FALSE,
CVE-2020-36187,https://security.snyk.io/search?type=any&q=CVE-2020-36187,https://vuldb.scantist.io/cve/libraries/?public_id=CVE-2020-36187,TRUE,FALSE,
CVE-2020-36186,https://security.snyk.io/search?type=any&q=CVE-2020-36186,https://vuldb.scantist.io/cve/libraries/?public_id=CVE-2020-36186,TRUE,FALSE,
CVE-2020-36185,https://security.snyk.io/search?type=any&q=CVE-2020-36185,https://vuldb.scantist.io/cve/libraries/?public_id=CVE-2020-36185,TRUE,FALSE,
CVE-2020-36184,https://security.snyk.io/search?type=any&q=CVE-2020-36184,https://vuldb.scantist.io/cve/libraries/?public_id=CVE-2020-36184,TRUE,FALSE,
CVE-2020-36183,https://security.snyk.io/search?type=any&q=CVE-2020-36183,https://vuldb.scantist.io/cve/libraries/?public_id=CVE-2020-36183,TRUE,FALSE,
CVE-2020-36182,https://security.snyk.io/search?type=any&q=CVE-2020-36182,https://vuldb.scantist.io/cve/libraries/?public_id=CVE-2020-36182,TRUE,FALSE,
CVE-2020-36181,https://security.snyk.io/search?type=any&q=CVE-2020-36181,https://vuldb.scantist.io/cve/libraries/?public_id=CVE-2020-36181,TRUE,FALSE,
CVE-2020-36180,https://security.snyk.io/search?type=any&q=CVE-2020-36180,https://vuldb.scantist.io/cve/libraries/?public_id=CVE-2020-36180,TRUE,FALSE,
CVE-2020-36179,https://security.snyk.io/search?type=any&q=CVE-2020-36179,https://vuldb.scantist.io/cve/libraries/?public_id=CVE-2020-36179,TRUE,FALSE,
CVE-2020-35728,https://security.snyk.io/search?type=any&q=CVE-2020-35728,https://vuldb.scantist.io/cve/libraries/?public_id=CVE-2020-35728,TRUE,FALSE,
CVE-2020-35491,https://security.snyk.io/search?type=any&q=CVE-2020-35491,https://vuldb.scantist.io/cve/libraries/?public_id=CVE-2020-35491,TRUE,FALSE,
CVE-2020-35490,https://security.snyk.io/search?type=any&q=CVE-2020-35490,https://vuldb.scantist.io/cve/libraries/?public_id=CVE-2020-35490,TRUE,FALSE,
CVE-2020-29204,https://security.snyk.io/search?type=any&q=CVE-2020-29204,https://vuldb.scantist.io/cve/libraries/?public_id=CVE-2020-29204,TRUE,FALSE,
CVE-2020-28491,https://security.snyk.io/search?type=any&q=CVE-2020-28491,https://vuldb.scantist.io/cve/libraries/?public_id=CVE-2020-28491,TRUE,FALSE,
CVE-2020-27223,https://security.snyk.io/search?type=any&q=CVE-2020-27223,https://vuldb.scantist.io/cve/libraries/?public_id=CVE-2020-27223,TRUE,FALSE,
CVE-2020-27218,https://security.snyk.io/search?type=any&q=CVE-2020-27218,https://vuldb.scantist.io/cve/libraries/?public_id=CVE-2020-27218,TRUE,FALSE,
CVE-2020-27216,https://security.snyk.io/search?type=any&q=CVE-2020-27216,https://vuldb.scantist.io/cve/libraries/?public_id=CVE-2020-27216,TRUE,FALSE,
CVE-2020-26945,https://security.snyk.io/search?type=any&q=CVE-2020-26945,https://vuldb.scantist.io/cve/libraries/?public_id=CVE-2020-26945,TRUE,FALSE,
CVE-2020-26259,https://security.snyk.io/search?type=any&q=CVE-2020-26259,https://vuldb.scantist.io/cve/libraries/?public_id=CVE-2020-26259,TRUE,FALSE,
CVE-2020-26258,https://security.snyk.io/search?type=any&q=CVE-2020-26258,https://vuldb.scantist.io/cve/libraries/?public_id=CVE-2020-26258,TRUE,FALSE,
CVE-2020-26217,https://security.snyk.io/search?type=any&q=CVE-2020-26217,https://vuldb.scantist.io/cve/libraries/?public_id=CVE-2020-26217,TRUE,FALSE,
CVE-2020-25649,https://security.snyk.io/search?type=any&q=CVE-2020-25649,https://vuldb.scantist.io/cve/libraries/?public_id=CVE-2020-25649,TRUE,FALSE,
CVE-2020-24750,https://security.snyk.io/search?type=any&q=CVE-2020-24750,https://vuldb.scantist.io/cve/libraries/?public_id=CVE-2020-24750,TRUE,FALSE,
CVE-2020-24616,https://security.snyk.io/search?type=any&q=CVE-2020-24616,https://vuldb.scantist.io/cve/libraries/?public_id=CVE-2020-24616,TRUE,FALSE,
CVE-2020-23814,https://security.snyk.io/search?type=any&q=CVE-2020-23814,https://vuldb.scantist.io/cve/libraries/?public_id=CVE-2020-23814,TRUE,FALSE,
CVE-2020-23811,https://security.snyk.io/search?type=any&q=CVE-2020-23811,https://vuldb.scantist.io/cve/libraries/?public_id=CVE-2020-23811,TRUE,FALSE,
CVE-2020-21125,https://security.snyk.io/search?type=any&q=CVE-2020-21125,https://vuldb.scantist.io/cve/libraries/?public_id=CVE-2020-21125,TRUE,FALSE,
CVE-2020-21124,https://security.snyk.io/search?type=any&q=CVE-2020-21124,https://vuldb.scantist.io/cve/libraries/?public_id=CVE-2020-21124,TRUE,FALSE,
CVE-2020-21122,https://security.snyk.io/search?type=any&q=CVE-2020-21122,https://vuldb.scantist.io/cve/libraries/?public_id=CVE-2020-21122,TRUE,FALSE,
CVE-2020-19676,https://security.snyk.io/search?type=any&q=CVE-2020-19676,https://vuldb.scantist.io/cve/libraries/?public_id=CVE-2020-19676,TRUE,FALSE,
CVE-2020-1957,https://security.snyk.io/search?type=any&q=CVE-2020-1957,https://vuldb.scantist.io/cve/libraries/?public_id=CVE-2020-1957,TRUE,FALSE,
CVE-2020-1953,https://security.snyk.io/search?type=any&q=CVE-2020-1953,https://vuldb.scantist.io/cve/libraries/?public_id=CVE-2020-1953,TRUE,FALSE,
CVE-2020-1945,https://security.snyk.io/search?type=any&q=CVE-2020-1945,https://vuldb.scantist.io/cve/libraries/?public_id=CVE-2020-1945,TRUE,FALSE,
CVE-2020-1926,https://security.snyk.io/search?type=any&q=CVE-2020-1926,https://vuldb.scantist.io/cve/libraries/?public_id=CVE-2020-1926,TRUE,FALSE,
CVE-2020-17523,https://security.snyk.io/search?type=any&q=CVE-2020-17523,https://vuldb.scantist.io/cve/libraries/?public_id=CVE-2020-17523,TRUE,FALSE,
CVE-2020-17521,https://security.snyk.io/search?type=any&q=CVE-2020-17521,https://vuldb.scantist.io/cve/libraries/?public_id=CVE-2020-17521,TRUE,FALSE,
CVE-2020-17510,https://security.snyk.io/search?type=any&q=CVE-2020-17510,https://vuldb.scantist.io/cve/libraries/?public_id=CVE-2020-17510,TRUE,FALSE,
CVE-2020-1745,https://security.snyk.io/search?type=any&q=CVE-2020-1745,https://vuldb.scantist.io/cve/libraries/?public_id=CVE-2020-1745,TRUE,FALSE,
CVE-2020-15522,https://security.snyk.io/search?type=any&q=CVE-2020-15522,https://vuldb.scantist.io/cve/libraries/?public_id=CVE-2020-15522,TRUE,FALSE,
CVE-2020-15250,https://security.snyk.io/search?type=any&q=CVE-2020-15250,https://vuldb.scantist.io/cve/libraries/?public_id=CVE-2020-15250,TRUE,FALSE,
CVE-2020-15170,https://security.snyk.io/search?type=any&q=CVE-2020-15170,https://vuldb.scantist.io/cve/libraries/?public_id=CVE-2020-15170,TRUE,FALSE,
CVE-2020-14340,https://security.snyk.io/search?type=any&q=CVE-2020-14340,https://vuldb.scantist.io/cve/libraries/?public_id=CVE-2020-14340,TRUE,FALSE,
CVE-2020-14195,https://security.snyk.io/search?type=any&q=CVE-2020-14195,https://vuldb.scantist.io/cve/libraries/?public_id=CVE-2020-14195,TRUE,FALSE,
CVE-2020-14062,https://security.snyk.io/search?type=any&q=CVE-2020-14062,https://vuldb.scantist.io/cve/libraries/?public_id=CVE-2020-14062,TRUE,FALSE,
CVE-2020-14061,https://security.snyk.io/search?type=any&q=CVE-2020-14061,https://vuldb.scantist.io/cve/libraries/?public_id=CVE-2020-14061,TRUE,FALSE,
CVE-2020-14060,https://security.snyk.io/search?type=any&q=CVE-2020-14060,https://vuldb.scantist.io/cve/libraries/?public_id=CVE-2020-14060,TRUE,FALSE,
CVE-2020-13959,https://security.snyk.io/search?type=any&q=CVE-2020-13959,https://vuldb.scantist.io/cve/libraries/?public_id=CVE-2020-13959,TRUE,FALSE,
CVE-2020-13956,https://security.snyk.io/search?type=any&q=CVE-2020-13956,https://vuldb.scantist.io/cve/libraries/?public_id=CVE-2020-13956,TRUE,FALSE,
CVE-2020-13954,https://security.snyk.io/search?type=any&q=CVE-2020-13954,https://vuldb.scantist.io/cve/libraries/?public_id=CVE-2020-13954,TRUE,FALSE,
CVE-2020-13936,https://security.snyk.io/search?type=any&q=CVE-2020-13936,https://vuldb.scantist.io/cve/libraries/?public_id=CVE-2020-13936,TRUE,FALSE,
CVE-2020-13933,https://security.snyk.io/search?type=any&q=CVE-2020-13933,https://vuldb.scantist.io/cve/libraries/?public_id=CVE-2020-13933,TRUE,FALSE,
CVE-2020-11988,https://security.snyk.io/search?type=any&q=CVE-2020-11988,https://vuldb.scantist.io/cve/libraries/?public_id=CVE-2020-11988,TRUE,FALSE,
CVE-2020-11979,https://security.snyk.io/search?type=any&q=CVE-2020-11979,https://vuldb.scantist.io/cve/libraries/?public_id=CVE-2020-11979,TRUE,FALSE,
CVE-2020-11620,https://security.snyk.io/search?type=any&q=CVE-2020-11620,https://vuldb.scantist.io/cve/libraries/?public_id=CVE-2020-11620,TRUE,FALSE,
CVE-2020-11619,https://security.snyk.io/search?type=any&q=CVE-2020-11619,https://vuldb.scantist.io/cve/libraries/?public_id=CVE-2020-11619,TRUE,FALSE,
CVE-2020-11612,https://security.snyk.io/search?type=any&q=CVE-2020-11612,https://vuldb.scantist.io/cve/libraries/?public_id=CVE-2020-11612,TRUE,FALSE,
CVE-2020-11113,https://security.snyk.io/search?type=any&q=CVE-2020-11113,https://vuldb.scantist.io/cve/libraries/?public_id=CVE-2020-11113,TRUE,FALSE,
CVE-2020-11112,https://security.snyk.io/search?type=any&q=CVE-2020-11112,https://vuldb.scantist.io/cve/libraries/?public_id=CVE-2020-11112,TRUE,FALSE,
CVE-2020-11111,https://security.snyk.io/search?type=any&q=CVE-2020-11111,https://vuldb.scantist.io/cve/libraries/?public_id=CVE-2020-11111,TRUE,FALSE,
CVE-2020-11023,https://security.snyk.io/search?type=any&q=CVE-2020-11023,https://vuldb.scantist.io/cve/libraries/?public_id=CVE-2020-11023,TRUE,FALSE,
CVE-2020-11022,https://security.snyk.io/search?type=any&q=CVE-2020-11022,https://vuldb.scantist.io/cve/libraries/?public_id=CVE-2020-11022,TRUE,FALSE,
CVE-2020-10969,https://security.snyk.io/search?type=any&q=CVE-2020-10969,https://vuldb.scantist.io/cve/libraries/?public_id=CVE-2020-10969,TRUE,FALSE,
CVE-2020-10968,https://security.snyk.io/search?type=any&q=CVE-2020-10968,https://vuldb.scantist.io/cve/libraries/?public_id=CVE-2020-10968,TRUE,FALSE,
CVE-2020-10705,https://security.snyk.io/search?type=any&q=CVE-2020-10705,https://vuldb.scantist.io/cve/libraries/?public_id=CVE-2020-10705,TRUE,FALSE,
CVE-2020-10693,https://security.snyk.io/search?type=any&q=CVE-2020-10693,https://vuldb.scantist.io/cve/libraries/?public_id=CVE-2020-10693,TRUE,FALSE,
CVE-2020-10683,https://security.snyk.io/search?type=any&q=CVE-2020-10683,https://vuldb.scantist.io/cve/libraries/?public_id=CVE-2020-10683,TRUE,FALSE,
CVE-2020-10673,https://security.snyk.io/search?type=any&q=CVE-2020-10673,https://vuldb.scantist.io/cve/libraries/?public_id=CVE-2020-10673,TRUE,FALSE,
CVE-2020-10672,https://security.snyk.io/search?type=any&q=CVE-2020-10672,https://vuldb.scantist.io/cve/libraries/?public_id=CVE-2020-10672,TRUE,FALSE,
CVE-2019-9512,https://security.snyk.io/search?type=any&q=CVE-2019-9512,https://vuldb.scantist.io/cve/libraries/?public_id=CVE-2019-9512,TRUE,FALSE,
CVE-2019-8331,https://security.snyk.io/search?type=any&q=CVE-2019-8331,https://vuldb.scantist.io/cve/libraries/?public_id=CVE-2019-8331,TRUE,FALSE,
CVE-2019-7614,https://security.snyk.io/search?type=any&q=CVE-2019-7614,https://vuldb.scantist.io/cve/libraries/?public_id=CVE-2019-7614,TRUE,FALSE,
CVE-2019-7611,https://security.snyk.io/search?type=any&q=CVE-2019-7611,https://vuldb.scantist.io/cve/libraries/?public_id=CVE-2019-7611,TRUE,FALSE,
CVE-2019-5428,https://security.snyk.io/search?type=any&q=CVE-2019-5428,https://vuldb.scantist.io/cve/libraries/?public_id=CVE-2019-5428,TRUE,FALSE,
CVE-2019-5427,https://security.snyk.io/search?type=any&q=CVE-2019-5427,https://vuldb.scantist.io/cve/libraries/?public_id=CVE-2019-5427,TRUE,FALSE,
CVE-2019-3888,https://security.snyk.io/search?type=any&q=CVE-2019-3888,https://vuldb.scantist.io/cve/libraries/?public_id=CVE-2019-3888,TRUE,FALSE,
CVE-2019-3802,https://security.snyk.io/search?type=any&q=CVE-2019-3802,https://vuldb.scantist.io/cve/libraries/?public_id=CVE-2019-3802,TRUE,FALSE,
CVE-2019-3797,https://security.snyk.io/search?type=any&q=CVE-2019-3797,https://vuldb.scantist.io/cve/libraries/?public_id=CVE-2019-3797,TRUE,FALSE,
CVE-2019-3795,https://security.snyk.io/search?type=any&q=CVE-2019-3795,https://vuldb.scantist.io/cve/libraries/?public_id=CVE-2019-3795,TRUE,FALSE,
CVE-2019-2692,https://security.snyk.io/search?type=any&q=CVE-2019-2692,https://vuldb.scantist.io/cve/libraries/?public_id=CVE-2019-2692,TRUE,FALSE,
CVE-2019-20445,https://security.snyk.io/search?type=any&q=CVE-2019-20445,https://vuldb.scantist.io/cve/libraries/?public_id=CVE-2019-20445,TRUE,FALSE,
CVE-2019-20444,https://security.snyk.io/search?type=any&q=CVE-2019-20444,https://vuldb.scantist.io/cve/libraries/?public_id=CVE-2019-20444,TRUE,FALSE,
CVE-2019-20330,https://security.snyk.io/search?type=any&q=CVE-2019-20330,https://vuldb.scantist.io/cve/libraries/?public_id=CVE-2019-20330,TRUE,FALSE,
CVE-2019-19343,https://security.snyk.io/search?type=any&q=CVE-2019-19343,https://vuldb.scantist.io/cve/libraries/?public_id=CVE-2019-19343,TRUE,FALSE,
CVE-2019-17573,https://security.snyk.io/search?type=any&q=CVE-2019-17573,https://vuldb.scantist.io/cve/libraries/?public_id=CVE-2019-17573,TRUE,FALSE,
CVE-2019-17571,https://security.snyk.io/search?type=any&q=CVE-2019-17571,https://vuldb.scantist.io/cve/libraries/?public_id=CVE-2019-17571,TRUE,FALSE,
CVE-2019-17531,https://security.snyk.io/search?type=any&q=CVE-2019-17531,https://vuldb.scantist.io/cve/libraries/?public_id=CVE-2019-17531,TRUE,FALSE,
CVE-2019-17267,https://security.snyk.io/search?type=any&q=CVE-2019-17267,https://vuldb.scantist.io/cve/libraries/?public_id=CVE-2019-17267,TRUE,FALSE,
CVE-2019-17195,https://security.snyk.io/search?type=any&q=CVE-2019-17195,https://vuldb.scantist.io/cve/libraries/?public_id=CVE-2019-17195,TRUE,FALSE,
CVE-2019-16943,https://security.snyk.io/search?type=any&q=CVE-2019-16943,https://vuldb.scantist.io/cve/libraries/?public_id=CVE-2019-16943,TRUE,FALSE,
CVE-2019-16942,https://security.snyk.io/search?type=any&q=CVE-2019-16942,https://vuldb.scantist.io/cve/libraries/?public_id=CVE-2019-16942,TRUE,FALSE,
CVE-2019-16869,https://security.snyk.io/search?type=any&q=CVE-2019-16869,https://vuldb.scantist.io/cve/libraries/?public_id=CVE-2019-16869,TRUE,FALSE,
CVE-2019-16335,https://security.snyk.io/search?type=any&q=CVE-2019-16335,https://vuldb.scantist.io/cve/libraries/?public_id=CVE-2019-16335,TRUE,FALSE,
CVE-2019-14900,https://security.snyk.io/search?type=any&q=CVE-2019-14900,https://vuldb.scantist.io/cve/libraries/?public_id=CVE-2019-14900,TRUE,FALSE,
CVE-2019-14893,https://security.snyk.io/search?type=any&q=CVE-2019-14893,https://vuldb.scantist.io/cve/libraries/?public_id=CVE-2019-14893,TRUE,FALSE,
CVE-2019-14892,https://security.snyk.io/search?type=any&q=CVE-2019-14892,https://vuldb.scantist.io/cve/libraries/?public_id=CVE-2019-14892,TRUE,FALSE,
CVE-2019-14888,https://security.snyk.io/search?type=any&q=CVE-2019-14888,https://vuldb.scantist.io/cve/libraries/?public_id=CVE-2019-14888,TRUE,FALSE,
CVE-2019-14540,https://security.snyk.io/search?type=any&q=CVE-2019-14540,https://vuldb.scantist.io/cve/libraries/?public_id=CVE-2019-14540,TRUE,FALSE,
CVE-2019-14439,https://security.snyk.io/search?type=any&q=CVE-2019-14439,https://vuldb.scantist.io/cve/libraries/?public_id=CVE-2019-14439,TRUE,FALSE,
CVE-2019-14379,https://security.snyk.io/search?type=any&q=CVE-2019-14379,https://vuldb.scantist.io/cve/libraries/?public_id=CVE-2019-14379,TRUE,FALSE,
CVE-2019-12814,https://security.snyk.io/search?type=any&q=CVE-2019-12814,https://vuldb.scantist.io/cve/libraries/?public_id=CVE-2019-12814,TRUE,FALSE,
CVE-2019-12415,https://security.snyk.io/search?type=any&q=CVE-2019-12415,https://vuldb.scantist.io/cve/libraries/?public_id=CVE-2019-12415,TRUE,FALSE,
CVE-2019-12402,https://security.snyk.io/search?type=any&q=CVE-2019-12402,https://vuldb.scantist.io/cve/libraries/?public_id=CVE-2019-12402,TRUE,FALSE,
CVE-2019-12384,https://security.snyk.io/search?type=any&q=CVE-2019-12384,https://vuldb.scantist.io/cve/libraries/?public_id=CVE-2019-12384,TRUE,FALSE,
CVE-2019-12086,https://security.snyk.io/search?type=any&q=CVE-2019-12086,https://vuldb.scantist.io/cve/libraries/?public_id=CVE-2019-12086,TRUE,FALSE,
CVE-2019-11272,https://security.snyk.io/search?type=any&q=CVE-2019-11272,https://vuldb.scantist.io/cve/libraries/?public_id=CVE-2019-11272,TRUE,FALSE,
CVE-2019-10247,https://security.snyk.io/search?type=any&q=CVE-2019-10247,https://vuldb.scantist.io/cve/libraries/?public_id=CVE-2019-10247,TRUE,FALSE,
CVE-2019-10241,https://security.snyk.io/search?type=any&q=CVE-2019-10241,https://vuldb.scantist.io/cve/libraries/?public_id=CVE-2019-10241,TRUE,FALSE,
CVE-2019-10219,https://security.snyk.io/search?type=any&q=CVE-2019-10219,https://vuldb.scantist.io/cve/libraries/?public_id=CVE-2019-10219,TRUE,FALSE,
CVE-2019-10212,https://security.snyk.io/search?type=any&q=CVE-2019-10212,https://vuldb.scantist.io/cve/libraries/?public_id=CVE-2019-10212,TRUE,FALSE,
CVE-2019-10184,https://security.snyk.io/search?type=any&q=CVE-2019-10184,https://vuldb.scantist.io/cve/libraries/?public_id=CVE-2019-10184,TRUE,FALSE,
CVE-2019-10172,https://security.snyk.io/search?type=any&q=CVE-2019-10172,https://vuldb.scantist.io/cve/libraries/?public_id=CVE-2019-10172,TRUE,FALSE,
CVE-2019-10086,https://security.snyk.io/search?type=any&q=CVE-2019-10086,https://vuldb.scantist.io/cve/libraries/?public_id=CVE-2019-10086,TRUE,FALSE,
CVE-2019-10072,https://security.snyk.io/search?type=any&q=CVE-2019-10072,https://vuldb.scantist.io/cve/libraries/?public_id=CVE-2019-10072,TRUE,FALSE,
CVE-2019-0232,https://security.snyk.io/search?type=any&q=CVE-2019-0232,https://vuldb.scantist.io/cve/libraries/?public_id=CVE-2019-0232,TRUE,FALSE,
CVE-2019-0231,https://security.snyk.io/search?type=any&q=CVE-2019-0231,https://vuldb.scantist.io/cve/libraries/?public_id=CVE-2019-0231,TRUE,FALSE,
CVE-2019-0228,https://security.snyk.io/search?type=any&q=CVE-2019-0228,https://vuldb.scantist.io/cve/libraries/?public_id=CVE-2019-0228,TRUE,FALSE,
CVE-2019-0221,https://security.snyk.io/search?type=any&q=CVE-2019-0221,https://vuldb.scantist.io/cve/libraries/?public_id=CVE-2019-0221,TRUE,FALSE,
CVE-2019-0205,https://security.snyk.io/search?type=any&q=CVE-2019-0205,https://vuldb.scantist.io/cve/libraries/?public_id=CVE-2019-0205,TRUE,FALSE,
CVE-2019-0201,https://security.snyk.io/search?type=any&q=CVE-2019-0201,https://vuldb.scantist.io/cve/libraries/?public_id=CVE-2019-0201,TRUE,FALSE,
CVE-2019-0199,https://security.snyk.io/search?type=any&q=CVE-2019-0199,https://vuldb.scantist.io/cve/libraries/?public_id=CVE-2019-0199,TRUE,FALSE,
CVE-2018-8088,https://security.snyk.io/search?type=any&q=CVE-2018-8088,https://vuldb.scantist.io/cve/libraries/?public_id=CVE-2018-8088,TRUE,FALSE,
CVE-2018-8039,https://security.snyk.io/search?type=any&q=CVE-2018-8039,https://vuldb.scantist.io/cve/libraries/?public_id=CVE-2018-8039,TRUE,FALSE,
CVE-2018-8036,https://security.snyk.io/search?type=any&q=CVE-2018-8036,https://vuldb.scantist.io/cve/libraries/?public_id=CVE-2018-8036,TRUE,FALSE,
CVE-2018-8029,https://security.snyk.io/search?type=any&q=CVE-2018-8029,https://vuldb.scantist.io/cve/libraries/?public_id=CVE-2018-8029,TRUE,FALSE,
CVE-2018-8015,https://security.snyk.io/search?type=any&q=CVE-2018-8015,https://vuldb.scantist.io/cve/libraries/?public_id=CVE-2018-8015,TRUE,FALSE,
CVE-2018-8014,https://security.snyk.io/search?type=any&q=CVE-2018-8014,https://vuldb.scantist.io/cve/libraries/?public_id=CVE-2018-8014,TRUE,FALSE,
CVE-2018-8013,https://security.snyk.io/search?type=any&q=CVE-2018-8013,https://vuldb.scantist.io/cve/libraries/?public_id=CVE-2018-8013,TRUE,FALSE,
CVE-2018-8012,https://security.snyk.io/search?type=any&q=CVE-2018-8012,https://vuldb.scantist.io/cve/libraries/?public_id=CVE-2018-8012,TRUE,FALSE,
CVE-2018-8009,https://security.snyk.io/search?type=any&q=CVE-2018-8009,https://vuldb.scantist.io/cve/libraries/?public_id=CVE-2018-8009,TRUE,FALSE,
CVE-2018-7489,https://security.snyk.io/search?type=any&q=CVE-2018-7489,https://vuldb.scantist.io/cve/libraries/?public_id=CVE-2018-7489,TRUE,FALSE,
CVE-2018-5968,https://security.snyk.io/search?type=any&q=CVE-2018-5968,https://vuldb.scantist.io/cve/libraries/?public_id=CVE-2018-5968,TRUE,FALSE,
CVE-2018-5382,https://security.snyk.io/search?type=any&q=CVE-2018-5382,https://vuldb.scantist.io/cve/libraries/?public_id=CVE-2018-5382,TRUE,FALSE,
CVE-2018-3831,https://security.snyk.io/search?type=any&q=CVE-2018-3831,https://vuldb.scantist.io/cve/libraries/?public_id=CVE-2018-3831,TRUE,FALSE,
CVE-2018-3827,https://security.snyk.io/search?type=any&q=CVE-2018-3827,https://vuldb.scantist.io/cve/libraries/?public_id=CVE-2018-3827,TRUE,FALSE,
CVE-2018-20433,https://security.snyk.io/search?type=any&q=CVE-2018-20433,https://vuldb.scantist.io/cve/libraries/?public_id=CVE-2018-20433,TRUE,FALSE,
CVE-2018-20200,https://security.snyk.io/search?type=any&q=CVE-2018-20200,https://vuldb.scantist.io/cve/libraries/?public_id=CVE-2018-20200,TRUE,FALSE,
CVE-2018-19362,https://security.snyk.io/search?type=any&q=CVE-2018-19362,https://vuldb.scantist.io/cve/libraries/?public_id=CVE-2018-19362,TRUE,FALSE,
CVE-2018-19361,https://security.snyk.io/search?type=any&q=CVE-2018-19361,https://vuldb.scantist.io/cve/libraries/?public_id=CVE-2018-19361,TRUE,FALSE,
CVE-2018-19360,https://security.snyk.io/search?type=any&q=CVE-2018-19360,https://vuldb.scantist.io/cve/libraries/?public_id=CVE-2018-19360,TRUE,FALSE,
CVE-2018-17297,https://security.snyk.io/search?type=any&q=CVE-2018-17297,https://vuldb.scantist.io/cve/libraries/?public_id=CVE-2018-17297,TRUE,FALSE,
CVE-2018-17244,https://security.snyk.io/search?type=any&q=CVE-2018-17244,https://vuldb.scantist.io/cve/libraries/?public_id=CVE-2018-17244,TRUE,FALSE,
CVE-2018-15756,https://security.snyk.io/search?type=any&q=CVE-2018-15756,https://vuldb.scantist.io/cve/libraries/?public_id=CVE-2018-15756,TRUE,FALSE,
CVE-2018-14721,https://security.snyk.io/search?type=any&q=CVE-2018-14721,https://vuldb.scantist.io/cve/libraries/?public_id=CVE-2018-14721,TRUE,FALSE,
CVE-2018-14720,https://security.snyk.io/search?type=any&q=CVE-2018-14720,https://vuldb.scantist.io/cve/libraries/?public_id=CVE-2018-14720,TRUE,FALSE,
CVE-2018-14719,https://security.snyk.io/search?type=any&q=CVE-2018-14719,https://vuldb.scantist.io/cve/libraries/?public_id=CVE-2018-14719,TRUE,FALSE,
CVE-2018-14718,https://security.snyk.io/search?type=any&q=CVE-2018-14718,https://vuldb.scantist.io/cve/libraries/?public_id=CVE-2018-14718,TRUE,FALSE,
CVE-2018-14335,https://security.snyk.io/search?type=any&q=CVE-2018-14335,https://vuldb.scantist.io/cve/libraries/?public_id=CVE-2018-14335,TRUE,FALSE,
CVE-2018-14042,https://security.snyk.io/search?type=any&q=CVE-2018-14042,https://vuldb.scantist.io/cve/libraries/?public_id=CVE-2018-14042,TRUE,FALSE,
CVE-2018-14040,https://security.snyk.io/search?type=any&q=CVE-2018-14040,https://vuldb.scantist.io/cve/libraries/?public_id=CVE-2018-14040,TRUE,FALSE,
CVE-2018-1337,https://security.snyk.io/search?type=any&q=CVE-2018-1337,https://vuldb.scantist.io/cve/libraries/?public_id=CVE-2018-1337,TRUE,FALSE,
CVE-2018-1336,https://security.snyk.io/search?type=any&q=CVE-2018-1336,https://vuldb.scantist.io/cve/libraries/?public_id=CVE-2018-1336,TRUE,FALSE,
CVE-2018-1324,https://security.snyk.io/search?type=any&q=CVE-2018-1324,https://vuldb.scantist.io/cve/libraries/?public_id=CVE-2018-1324,TRUE,FALSE,
CVE-2018-1315,https://security.snyk.io/search?type=any&q=CVE-2018-1315,https://vuldb.scantist.io/cve/libraries/?public_id=CVE-2018-1315,TRUE,FALSE,
CVE-2018-1313,https://security.snyk.io/search?type=any&q=CVE-2018-1313,https://vuldb.scantist.io/cve/libraries/?public_id=CVE-2018-1313,TRUE,FALSE,
CVE-2018-1305,https://security.snyk.io/search?type=any&q=CVE-2018-1305,https://vuldb.scantist.io/cve/libraries/?public_id=CVE-2018-1305,TRUE,FALSE,
CVE-2018-1304,https://security.snyk.io/search?type=any&q=CVE-2018-1304,https://vuldb.scantist.io/cve/libraries/?public_id=CVE-2018-1304,TRUE,FALSE,
CVE-2018-1294,https://security.snyk.io/search?type=any&q=CVE-2018-1294,https://vuldb.scantist.io/cve/libraries/?public_id=CVE-2018-1294,TRUE,FALSE,
CVE-2018-1284,https://security.snyk.io/search?type=any&q=CVE-2018-1284,https://vuldb.scantist.io/cve/libraries/?public_id=CVE-2018-1284,TRUE,FALSE,
CVE-2018-1282,https://security.snyk.io/search?type=any&q=CVE-2018-1282,https://vuldb.scantist.io/cve/libraries/?public_id=CVE-2018-1282,TRUE,FALSE,
CVE-2018-1275,https://security.snyk.io/search?type=any&q=CVE-2018-1275,https://vuldb.scantist.io/cve/libraries/?public_id=CVE-2018-1275,TRUE,FALSE,
CVE-2018-1274,https://security.snyk.io/search?type=any&q=CVE-2018-1274,https://vuldb.scantist.io/cve/libraries/?public_id=CVE-2018-1274,TRUE,FALSE,
CVE-2018-1273,https://security.snyk.io/search?type=any&q=CVE-2018-1273,https://vuldb.scantist.io/cve/libraries/?public_id=CVE-2018-1273,TRUE,FALSE,
CVE-2018-1272,https://security.snyk.io/search?type=any&q=CVE-2018-1272,https://vuldb.scantist.io/cve/libraries/?public_id=CVE-2018-1272,TRUE,FALSE,
CVE-2018-1271,https://security.snyk.io/search?type=any&q=CVE-2018-1271,https://vuldb.scantist.io/cve/libraries/?public_id=CVE-2018-1271,TRUE,FALSE,
CVE-2018-1270,https://security.snyk.io/search?type=any&q=CVE-2018-1270,https://vuldb.scantist.io/cve/libraries/?public_id=CVE-2018-1270,TRUE,FALSE,
CVE-2018-1260,https://security.snyk.io/search?type=any&q=CVE-2018-1260,https://vuldb.scantist.io/cve/libraries/?public_id=CVE-2018-1260,TRUE,FALSE,
CVE-2018-1259,https://security.snyk.io/search?type=any&q=CVE-2018-1259,https://vuldb.scantist.io/cve/libraries/?public_id=CVE-2018-1259,TRUE,FALSE,
CVE-2018-1258,https://security.snyk.io/search?type=any&q=CVE-2018-1258,https://vuldb.scantist.io/cve/libraries/?public_id=CVE-2018-1258,TRUE,FALSE,
CVE-2018-1257,https://security.snyk.io/search?type=any&q=CVE-2018-1257,https://vuldb.scantist.io/cve/libraries/?public_id=CVE-2018-1257,TRUE,FALSE,
CVE-2018-12538,https://security.snyk.io/search?type=any&q=CVE-2018-12538,https://vuldb.scantist.io/cve/libraries/?public_id=CVE-2018-12538,TRUE,FALSE,
CVE-2018-12536,https://security.snyk.io/search?type=any&q=CVE-2018-12536,https://vuldb.scantist.io/cve/libraries/?public_id=CVE-2018-12536,TRUE,FALSE,
CVE-2018-12023,https://security.snyk.io/search?type=any&q=CVE-2018-12023,https://vuldb.scantist.io/cve/libraries/?public_id=CVE-2018-12023,TRUE,FALSE,
CVE-2018-12022,https://security.snyk.io/search?type=any&q=CVE-2018-12022,https://vuldb.scantist.io/cve/libraries/?public_id=CVE-2018-12022,TRUE,FALSE,
CVE-2018-11999,https://security.snyk.io/search?type=any&q=CVE-2018-11999,https://vuldb.scantist.io/cve/libraries/?public_id=CVE-2018-11999,TRUE,FALSE,
CVE-2018-1199,https://security.snyk.io/search?type=any&q=CVE-2018-1199,https://vuldb.scantist.io/cve/libraries/?public_id=CVE-2018-1199,TRUE,FALSE,
CVE-2018-11797,https://security.snyk.io/search?type=any&q=CVE-2018-11797,https://vuldb.scantist.io/cve/libraries/?public_id=CVE-2018-11797,TRUE,FALSE,
CVE-2018-11771,https://security.snyk.io/search?type=any&q=CVE-2018-11771,https://vuldb.scantist.io/cve/libraries/?public_id=CVE-2018-11771,TRUE,FALSE,
CVE-2018-11767,https://security.snyk.io/search?type=any&q=CVE-2018-11767,https://vuldb.scantist.io/cve/libraries/?public_id=CVE-2018-11767,TRUE,FALSE,
CVE-2018-11765,https://security.snyk.io/search?type=any&q=CVE-2018-11765,https://vuldb.scantist.io/cve/libraries/?public_id=CVE-2018-11765,TRUE,FALSE,
CVE-2018-11307,https://security.snyk.io/search?type=any&q=CVE-2018-11307,https://vuldb.scantist.io/cve/libraries/?public_id=CVE-2018-11307,TRUE,FALSE,
CVE-2018-1114,https://security.snyk.io/search?type=any&q=CVE-2018-1114,https://vuldb.scantist.io/cve/libraries/?public_id=CVE-2018-1114,TRUE,FALSE,
CVE-2018-11040,https://security.snyk.io/search?type=any&q=CVE-2018-11040,https://vuldb.scantist.io/cve/libraries/?public_id=CVE-2018-11040,TRUE,FALSE,
CVE-2018-11039,https://security.snyk.io/search?type=any&q=CVE-2018-11039,https://vuldb.scantist.io/cve/libraries/?public_id=CVE-2018-11039,TRUE,FALSE,
CVE-2018-10899,https://security.snyk.io/search?type=any&q=CVE-2018-10899,https://vuldb.scantist.io/cve/libraries/?public_id=CVE-2018-10899,TRUE,FALSE,
CVE-2018-1067,https://security.snyk.io/search?type=any&q=CVE-2018-1067,https://vuldb.scantist.io/cve/libraries/?public_id=CVE-2018-1067,TRUE,FALSE,
CVE-2018-10237,https://security.snyk.io/search?type=any&q=CVE-2018-10237,https://vuldb.scantist.io/cve/libraries/?public_id=CVE-2018-10237,TRUE,FALSE,
CVE-2018-10054,https://security.snyk.io/search?type=any&q=CVE-2018-10054,https://vuldb.scantist.io/cve/libraries/?public_id=CVE-2018-10054,TRUE,FALSE,
CVE-2018-1002202,https://security.snyk.io/search?type=any&q=CVE-2018-1002202,https://vuldb.scantist.io/cve/libraries/?public_id=CVE-2018-1002202,TRUE,FALSE,
CVE-2018-1002201,https://security.snyk.io/search?type=any&q=CVE-2018-1002201,https://vuldb.scantist.io/cve/libraries/?public_id=CVE-2018-1002201,TRUE,FALSE,
CVE-2018-1002200,https://security.snyk.io/search?type=any&q=CVE-2018-1002200,https://vuldb.scantist.io/cve/libraries/?public_id=CVE-2018-1002200,TRUE,FALSE,
CVE-2018-1000873,https://security.snyk.io/search?type=any&q=CVE-2018-1000873,https://vuldb.scantist.io/cve/libraries/?public_id=CVE-2018-1000873,TRUE,FALSE,
CVE-2018-1000850,https://security.snyk.io/search?type=any&q=CVE-2018-1000850,https://vuldb.scantist.io/cve/libraries/?public_id=CVE-2018-1000850,TRUE,FALSE,
CVE-2018-1000632,https://security.snyk.io/search?type=any&q=CVE-2018-1000632,https://vuldb.scantist.io/cve/libraries/?public_id=CVE-2018-1000632,TRUE,FALSE,
CVE-2018-1000613,https://security.snyk.io/search?type=any&q=CVE-2018-1000613,https://vuldb.scantist.io/cve/libraries/?public_id=CVE-2018-1000613,TRUE,FALSE,
CVE-2018-1000180,https://security.snyk.io/search?type=any&q=CVE-2018-1000180,https://vuldb.scantist.io/cve/libraries/?public_id=CVE-2018-1000180,TRUE,FALSE,
CVE-2018-1000130,https://security.snyk.io/search?type=any&q=CVE-2018-1000130,https://vuldb.scantist.io/cve/libraries/?public_id=CVE-2018-1000130,TRUE,FALSE,
CVE-2018-1000129,https://security.snyk.io/search?type=any&q=CVE-2018-1000129,https://vuldb.scantist.io/cve/libraries/?public_id=CVE-2018-1000129,TRUE,FALSE,
CVE-2017-9801,https://security.snyk.io/search?type=any&q=CVE-2017-9801,https://vuldb.scantist.io/cve/libraries/?public_id=CVE-2017-9801,TRUE,FALSE,
CVE-2015-5211,https://security.snyk.io/search?type=any&q=CVE-2015-5211,https://vuldb.scantist.io/cve/libraries/?public_id=CVE-2015-5211,TRUE,FALSE,
CVE-2015-5169,https://security.snyk.io/search?type=any&q=CVE-2015-5169,https://vuldb.scantist.io/cve/libraries/?public_id=CVE-2015-5169,TRUE,FALSE,
CVE-2015-4165,https://security.snyk.io/search?type=any&q=CVE-2015-4165,https://vuldb.scantist.io/cve/libraries/?public_id=CVE-2015-4165,TRUE,FALSE,
CVE-2015-3337,https://security.snyk.io/search?type=any&q=CVE-2015-3337,https://vuldb.scantist.io/cve/libraries/?public_id=CVE-2015-3337,TRUE,FALSE,
CVE-2015-3253,https://security.snyk.io/search?type=any&q=CVE-2015-3253,https://vuldb.scantist.io/cve/libraries/?public_id=CVE-2015-3253,TRUE,FALSE,
CVE-2015-3250,https://security.snyk.io/search?type=any&q=CVE-2015-3250,https://vuldb.scantist.io/cve/libraries/?public_id=CVE-2015-3250,TRUE,FALSE,
CVE-2015-3192,https://security.snyk.io/search?type=any&q=CVE-2015-3192,https://vuldb.scantist.io/cve/libraries/?public_id=CVE-2015-3192,TRUE,FALSE,
CVE-2015-2575,https://security.snyk.io/search?type=any&q=CVE-2015-2575,https://vuldb.scantist.io/cve/libraries/?public_id=CVE-2015-2575,TRUE,FALSE,
CVE-2015-2156,https://security.snyk.io/search?type=any&q=CVE-2015-2156,https://vuldb.scantist.io/cve/libraries/?public_id=CVE-2015-2156,TRUE,FALSE,
CVE-2015-2080,https://security.snyk.io/search?type=any&q=CVE-2015-2080,https://vuldb.scantist.io/cve/libraries/?public_id=CVE-2015-2080,TRUE,FALSE,
CVE-2015-1836,https://security.snyk.io/search?type=any&q=CVE-2015-1836,https://vuldb.scantist.io/cve/libraries/?public_id=CVE-2015-1836,TRUE,FALSE,
CVE-2015-1832,https://security.snyk.io/search?type=any&q=CVE-2015-1832,https://vuldb.scantist.io/cve/libraries/?public_id=CVE-2015-1832,TRUE,FALSE,
CVE-2015-1772,https://security.snyk.io/search?type=any&q=CVE-2015-1772,https://vuldb.scantist.io/cve/libraries/?public_id=CVE-2015-1772,TRUE,FALSE,
CVE-2015-1427,https://security.snyk.io/search?type=any&q=CVE-2015-1427,https://vuldb.scantist.io/cve/libraries/?public_id=CVE-2015-1427,TRUE,FALSE,
CVE-2015-0899,https://security.snyk.io/search?type=any&q=CVE-2015-0899,https://vuldb.scantist.io/cve/libraries/?public_id=CVE-2015-0899,TRUE,FALSE,
CVE-2015-0254,https://security.snyk.io/search?type=any&q=CVE-2015-0254,https://vuldb.scantist.io/cve/libraries/?public_id=CVE-2015-0254,TRUE,FALSE,
CVE-2015-0250,https://security.snyk.io/search?type=any&q=CVE-2015-0250,https://vuldb.scantist.io/cve/libraries/?public_id=CVE-2015-0250,TRUE,FALSE,
CVE-2015-0201,https://security.snyk.io/search?type=any&q=CVE-2015-0201,https://vuldb.scantist.io/cve/libraries/?public_id=CVE-2015-0201,TRUE,FALSE,
CVE-2014-9527,https://security.snyk.io/search?type=any&q=CVE-2014-9527,https://vuldb.scantist.io/cve/libraries/?public_id=CVE-2014-9527,TRUE,FALSE,
CVE-2014-7816,https://security.snyk.io/search?type=any&q=CVE-2014-7816,https://vuldb.scantist.io/cve/libraries/?public_id=CVE-2014-7816,TRUE,FALSE,
CVE-2014-6439,https://security.snyk.io/search?type=any&q=CVE-2014-6439,https://vuldb.scantist.io/cve/libraries/?public_id=CVE-2014-6439,TRUE,FALSE,
CVE-2014-3578,https://security.snyk.io/search?type=any&q=CVE-2014-3578,https://vuldb.scantist.io/cve/libraries/?public_id=CVE-2014-3578,TRUE,FALSE,
CVE-2014-3577,https://security.snyk.io/search?type=any&q=CVE-2014-3577,https://vuldb.scantist.io/cve/libraries/?public_id=CVE-2014-3577,TRUE,FALSE,
CVE-2014-3574,https://security.snyk.io/search?type=any&q=CVE-2014-3574,https://vuldb.scantist.io/cve/libraries/?public_id=CVE-2014-3574,TRUE,FALSE,
CVE-2014-3558,https://security.snyk.io/search?type=any&q=CVE-2014-3558,https://vuldb.scantist.io/cve/libraries/?public_id=CVE-2014-3558,TRUE,FALSE,
CVE-2014-3529,https://security.snyk.io/search?type=any&q=CVE-2014-3529,https://vuldb.scantist.io/cve/libraries/?public_id=CVE-2014-3529,TRUE,FALSE,
CVE-2014-3120,https://security.snyk.io/search?type=any&q=CVE-2014-3120,https://vuldb.scantist.io/cve/libraries/?public_id=CVE-2014-3120,TRUE,FALSE,
CVE-2014-1904,https://security.snyk.io/search?type=any&q=CVE-2014-1904,https://vuldb.scantist.io/cve/libraries/?public_id=CVE-2014-1904,TRUE,FALSE,
CVE-2014-0229,https://security.snyk.io/search?type=any&q=CVE-2014-0229,https://vuldb.scantist.io/cve/libraries/?public_id=CVE-2014-0229,TRUE,FALSE,
CVE-2014-0228,https://security.snyk.io/search?type=any&q=CVE-2014-0228,https://vuldb.scantist.io/cve/libraries/?public_id=CVE-2014-0228,TRUE,FALSE,
CVE-2014-0225,https://security.snyk.io/search?type=any&q=CVE-2014-0225,https://vuldb.scantist.io/cve/libraries/?public_id=CVE-2014-0225,TRUE,FALSE,
CVE-2014-0193,https://security.snyk.io/search?type=any&q=CVE-2014-0193,https://vuldb.scantist.io/cve/libraries/?public_id=CVE-2014-0193,TRUE,FALSE,
CVE-2014-0168,https://security.snyk.io/search?type=any&q=CVE-2014-0168,https://vuldb.scantist.io/cve/libraries/?public_id=CVE-2014-0168,TRUE,FALSE,
CVE-2014-0119,https://security.snyk.io/search?type=any&q=CVE-2014-0119,https://vuldb.scantist.io/cve/libraries/?public_id=CVE-2014-0119,TRUE,FALSE,
CVE-2014-0114,https://security.snyk.io/search?type=any&q=CVE-2014-0114,https://vuldb.scantist.io/cve/libraries/?public_id=CVE-2014-0114,TRUE,FALSE,
CVE-2014-0113,https://security.snyk.io/search?type=any&q=CVE-2014-0113,https://vuldb.scantist.io/cve/libraries/?public_id=CVE-2014-0113,TRUE,FALSE,
CVE-2014-0112,https://security.snyk.io/search?type=any&q=CVE-2014-0112,https://vuldb.scantist.io/cve/libraries/?public_id=CVE-2014-0112,TRUE,FALSE,
CVE-2014-0110,https://security.snyk.io/search?type=any&q=CVE-2014-0110,https://vuldb.scantist.io/cve/libraries/?public_id=CVE-2014-0110,TRUE,FALSE,
CVE-2014-0109,https://security.snyk.io/search?type=any&q=CVE-2014-0109,https://vuldb.scantist.io/cve/libraries/?public_id=CVE-2014-0109,TRUE,FALSE,
CVE-2014-0107,https://security.snyk.io/search?type=any&q=CVE-2014-0107,https://vuldb.scantist.io/cve/libraries/?public_id=CVE-2014-0107,TRUE,FALSE,
CVE-2014-0097,https://security.snyk.io/search?type=any&q=CVE-2014-0097,https://vuldb.scantist.io/cve/libraries/?public_id=CVE-2014-0097,TRUE,FALSE,
CVE-2014-0094,https://security.snyk.io/search?type=any&q=CVE-2014-0094,https://vuldb.scantist.io/cve/libraries/?public_id=CVE-2014-0094,TRUE,FALSE,
CVE-2014-0074,https://security.snyk.io/search?type=any&q=CVE-2014-0074,https://vuldb.scantist.io/cve/libraries/?public_id=CVE-2014-0074,TRUE,FALSE,
CVE-2014-0054,https://security.snyk.io/search?type=any&q=CVE-2014-0054,https://vuldb.scantist.io/cve/libraries/?public_id=CVE-2014-0054,TRUE,FALSE,
CVE-2014-0050,https://security.snyk.io/search?type=any&q=CVE-2014-0050,https://vuldb.scantist.io/cve/libraries/?public_id=CVE-2014-0050,TRUE,FALSE,
CVE-2014-0035,https://security.snyk.io/search?type=any&q=CVE-2014-0035,https://vuldb.scantist.io/cve/libraries/?public_id=CVE-2014-0035,TRUE,FALSE,
CVE-2014-0034,https://security.snyk.io/search?type=any&q=CVE-2014-0034,https://vuldb.scantist.io/cve/libraries/?public_id=CVE-2014-0034,TRUE,FALSE,
CVE-2013-7315,https://security.snyk.io/search?type=any&q=CVE-2013-7315,https://vuldb.scantist.io/cve/libraries/?public_id=CVE-2013-7315,TRUE,FALSE,
CVE-2013-7285,https://security.snyk.io/search?type=any&q=CVE-2013-7285,https://vuldb.scantist.io/cve/libraries/?public_id=CVE-2013-7285,TRUE,FALSE,
CVE-2013-6430,https://security.snyk.io/search?type=any&q=CVE-2013-6430,https://vuldb.scantist.io/cve/libraries/?public_id=CVE-2013-6430,TRUE,FALSE,
CVE-2013-6429,https://security.snyk.io/search?type=any&q=CVE-2013-6429,https://vuldb.scantist.io/cve/libraries/?public_id=CVE-2013-6429,TRUE,FALSE,
CVE-2013-6235,https://security.snyk.io/search?type=any&q=CVE-2013-6235,https://vuldb.scantist.io/cve/libraries/?public_id=CVE-2013-6235,TRUE,FALSE,
CVE-2013-5960,https://security.snyk.io/search?type=any&q=CVE-2013-5960,https://vuldb.scantist.io/cve/libraries/?public_id=CVE-2013-5960,TRUE,FALSE,
CVE-2013-5679,https://security.snyk.io/search?type=any&q=CVE-2013-5679,https://vuldb.scantist.io/cve/libraries/?public_id=CVE-2013-5679,TRUE,FALSE,
CVE-2013-4590,https://security.snyk.io/search?type=any&q=CVE-2013-4590,https://vuldb.scantist.io/cve/libraries/?public_id=CVE-2013-4590,TRUE,FALSE,
CVE-2013-4444,https://security.snyk.io/search?type=any&q=CVE-2013-4444,https://vuldb.scantist.io/cve/libraries/?public_id=CVE-2013-4444,TRUE,FALSE,
CVE-2013-4366,https://security.snyk.io/search?type=any&q=CVE-2013-4366,https://vuldb.scantist.io/cve/libraries/?public_id=CVE-2013-4366,TRUE,FALSE,
CVE-2013-4322,https://security.snyk.io/search?type=any&q=CVE-2013-4322,https://vuldb.scantist.io/cve/libraries/?public_id=CVE-2013-4322,TRUE,FALSE,
CVE-2013-4286,https://security.snyk.io/search?type=any&q=CVE-2013-4286,https://vuldb.scantist.io/cve/libraries/?public_id=CVE-2013-4286,TRUE,FALSE,
CVE-2013-4204,https://security.snyk.io/search?type=any&q=CVE-2013-4204,https://vuldb.scantist.io/cve/libraries/?public_id=CVE-2013-4204,TRUE,FALSE,
CVE-2013-4152,https://security.snyk.io/search?type=any&q=CVE-2013-4152,https://vuldb.scantist.io/cve/libraries/?public_id=CVE-2013-4152,TRUE,FALSE,
CVE-2013-2192,https://security.snyk.io/search?type=any&q=CVE-2013-2192,https://vuldb.scantist.io/cve/libraries/?public_id=CVE-2013-2192,TRUE,FALSE,
CVE-2013-2185,https://security.snyk.io/search?type=any&q=CVE-2013-2185,https://vuldb.scantist.io/cve/libraries/?public_id=CVE-2013-2185,TRUE,FALSE,
CVE-2013-2160,https://security.snyk.io/search?type=any&q=CVE-2013-2160,https://vuldb.scantist.io/cve/libraries/?public_id=CVE-2013-2160,TRUE,FALSE,
CVE-2013-2135,https://security.snyk.io/search?type=any&q=CVE-2013-2135,https://vuldb.scantist.io/cve/libraries/?public_id=CVE-2013-2135,TRUE,FALSE,
CVE-2013-2134,https://security.snyk.io/search?type=any&q=CVE-2013-2134,https://vuldb.scantist.io/cve/libraries/?public_id=CVE-2013-2134,TRUE,FALSE,
CVE-2013-2115,https://security.snyk.io/search?type=any&q=CVE-2013-2115,https://vuldb.scantist.io/cve/libraries/?public_id=CVE-2013-2115,TRUE,FALSE,
CVE-2013-2071,https://security.snyk.io/search?type=any&q=CVE-2013-2071,https://vuldb.scantist.io/cve/libraries/?public_id=CVE-2013-2071,TRUE,FALSE,
CVE-2013-2067,https://security.snyk.io/search?type=any&q=CVE-2013-2067,https://vuldb.scantist.io/cve/libraries/?public_id=CVE-2013-2067,TRUE,FALSE,
CVE-2013-2035,https://security.snyk.io/search?type=any&q=CVE-2013-2035,https://vuldb.scantist.io/cve/libraries/?public_id=CVE-2013-2035,TRUE,FALSE,
CVE-2013-2027,https://security.snyk.io/search?type=any&q=CVE-2013-2027,https://vuldb.scantist.io/cve/libraries/?public_id=CVE-2013-2027,TRUE,FALSE,
CVE-2013-1966,https://security.snyk.io/search?type=any&q=CVE-2013-1966,https://vuldb.scantist.io/cve/libraries/?public_id=CVE-2013-1966,TRUE,FALSE,
CVE-2013-1965,https://security.snyk.io/search?type=any&q=CVE-2013-1965,https://vuldb.scantist.io/cve/libraries/?public_id=CVE-2013-1965,TRUE,FALSE,
CVE-2013-1624,https://security.snyk.io/search?type=any&q=CVE-2013-1624,https://vuldb.scantist.io/cve/libraries/?public_id=CVE-2013-1624,TRUE,FALSE,
CVE-2013-0248,https://security.snyk.io/search?type=any&q=CVE-2013-0248,https://vuldb.scantist.io/cve/libraries/?public_id=CVE-2013-0248,TRUE,FALSE,
CVE-2013-0239,https://security.snyk.io/search?type=any&q=CVE-2013-0239,https://vuldb.scantist.io/cve/libraries/?public_id=CVE-2013-0239,TRUE,FALSE,
CVE-2012-6153,https://security.snyk.io/search?type=any&q=CVE-2012-6153,https://vuldb.scantist.io/cve/libraries/?public_id=CVE-2012-6153,TRUE,FALSE,
CVE-2012-5887,https://security.snyk.io/search?type=any&q=CVE-2012-5887,https://vuldb.scantist.io/cve/libraries/?public_id=CVE-2012-5887,TRUE,FALSE,
CVE-2012-5886,https://security.snyk.io/search?type=any&q=CVE-2012-5886,https://vuldb.scantist.io/cve/libraries/?public_id=CVE-2012-5886,TRUE,FALSE,
CVE-2012-5885,https://security.snyk.io/search?type=any&q=CVE-2012-5885,https://vuldb.scantist.io/cve/libraries/?public_id=CVE-2012-5885,TRUE,FALSE,
CVE-2012-5633,https://security.snyk.io/search?type=any&q=CVE-2012-5633,https://vuldb.scantist.io/cve/libraries/?public_id=CVE-2012-5633,TRUE,FALSE,
CVE-2012-5575,https://security.snyk.io/search?type=any&q=CVE-2012-5575,https://vuldb.scantist.io/cve/libraries/?public_id=CVE-2012-5575,TRUE,FALSE,
CVE-2012-5055,https://security.snyk.io/search?type=any&q=CVE-2012-5055,https://vuldb.scantist.io/cve/libraries/?public_id=CVE-2012-5055,TRUE,FALSE,
CVE-2012-4534,https://security.snyk.io/search?type=any&q=CVE-2012-4534,https://vuldb.scantist.io/cve/libraries/?public_id=CVE-2012-4534,TRUE,FALSE,
CVE-2012-4449,https://security.snyk.io/search?type=any&q=CVE-2012-4449,https://vuldb.scantist.io/cve/libraries/?public_id=CVE-2012-4449,TRUE,FALSE,
CVE-2012-4431,https://security.snyk.io/search?type=any&q=CVE-2012-4431,https://vuldb.scantist.io/cve/libraries/?public_id=CVE-2012-4431,TRUE,FALSE,
CVE-2012-3546,https://security.snyk.io/search?type=any&q=CVE-2012-3546,https://vuldb.scantist.io/cve/libraries/?public_id=CVE-2012-3546,TRUE,FALSE,
CVE-2012-3544,https://security.snyk.io/search?type=any&q=CVE-2012-3544,https://vuldb.scantist.io/cve/libraries/?public_id=CVE-2012-3544,TRUE,FALSE,
CVE-2012-3451,https://security.snyk.io/search?type=any&q=CVE-2012-3451,https://vuldb.scantist.io/cve/libraries/?public_id=CVE-2012-3451,TRUE,FALSE,
CVE-2012-2733,https://security.snyk.io/search?type=any&q=CVE-2012-2733,https://vuldb.scantist.io/cve/libraries/?public_id=CVE-2012-2733,TRUE,FALSE,
CVE-2012-2379,https://security.snyk.io/search?type=any&q=CVE-2012-2379,https://vuldb.scantist.io/cve/libraries/?public_id=CVE-2012-2379,TRUE,FALSE,
CVE-2012-2378,https://security.snyk.io/search?type=any&q=CVE-2012-2378,https://vuldb.scantist.io/cve/libraries/?public_id=CVE-2012-2378,TRUE,FALSE,
CVE-2012-1574,https://security.snyk.io/search?type=any&q=CVE-2012-1574,https://vuldb.scantist.io/cve/libraries/?public_id=CVE-2012-1574,TRUE,FALSE,
CVE-2012-0881,https://security.snyk.io/search?type=any&q=CVE-2012-0881,https://vuldb.scantist.io/cve/libraries/?public_id=CVE-2012-0881,TRUE,FALSE,
CVE-2012-0838,https://security.snyk.io/search?type=any&q=CVE-2012-0838,https://vuldb.scantist.io/cve/libraries/?public_id=CVE-2012-0838,TRUE,FALSE,
CVE-2012-0394,https://security.snyk.io/search?type=any&q=CVE-2012-0394,https://vuldb.scantist.io/cve/libraries/?public_id=CVE-2012-0394,TRUE,FALSE,
CVE-2012-0393,https://security.snyk.io/search?type=any&q=CVE-2012-0393,https://vuldb.scantist.io/cve/libraries/?public_id=CVE-2012-0393,TRUE,FALSE,
CVE-2012-0392,https://security.snyk.io/search?type=any&q=CVE-2012-0392,https://vuldb.scantist.io/cve/libraries/?public_id=CVE-2012-0392,TRUE,FALSE,
CVE-2012-0391,https://security.snyk.io/search?type=any&q=CVE-2012-0391,https://vuldb.scantist.io/cve/libraries/?public_id=CVE-2012-0391,TRUE,FALSE,
CVE-2012-0213,https://security.snyk.io/search?type=any&q=CVE-2012-0213,https://vuldb.scantist.io/cve/libraries/?public_id=CVE-2012-0213,TRUE,FALSE,
CVE-2012-0022,https://security.snyk.io/search?type=any&q=CVE-2012-0022,https://vuldb.scantist.io/cve/libraries/?public_id=CVE-2012-0022,TRUE,FALSE,
CVE-2011-5064,https://security.snyk.io/search?type=any&q=CVE-2011-5064,https://vuldb.scantist.io/cve/libraries/?public_id=CVE-2011-5064,TRUE,FALSE,
CVE-2011-5063,https://security.snyk.io/search?type=any&q=CVE-2011-5063,https://vuldb.scantist.io/cve/libraries/?public_id=CVE-2011-5063,TRUE,FALSE,
CVE-2011-5062,https://security.snyk.io/search?type=any&q=CVE-2011-5062,https://vuldb.scantist.io/cve/libraries/?public_id=CVE-2011-5062,TRUE,FALSE,
CVE-2011-5057,https://security.snyk.io/search?type=any&q=CVE-2011-5057,https://vuldb.scantist.io/cve/libraries/?public_id=CVE-2011-5057,TRUE,FALSE,
CVE-2011-4969,https://security.snyk.io/search?type=any&q=CVE-2011-4969,https://vuldb.scantist.io/cve/libraries/?public_id=CVE-2011-4969,TRUE,FALSE,
CVE-2011-4858,https://security.snyk.io/search?type=any&q=CVE-2011-4858,https://vuldb.scantist.io/cve/libraries/?public_id=CVE-2011-4858,TRUE,FALSE,
CVE-2011-4461,https://security.snyk.io/search?type=any&q=CVE-2011-4461,https://vuldb.scantist.io/cve/libraries/?public_id=CVE-2011-4461,TRUE,FALSE,
CVE-2011-3376,https://security.snyk.io/search?type=any&q=CVE-2011-3376,https://vuldb.scantist.io/cve/libraries/?public_id=CVE-2011-3376,TRUE,FALSE,
CVE-2011-2894,https://security.snyk.io/search?type=any&q=CVE-2011-2894,https://vuldb.scantist.io/cve/libraries/?public_id=CVE-2011-2894,TRUE,FALSE,
CVE-2011-2732,https://security.snyk.io/search?type=any&q=CVE-2011-2732,https://vuldb.scantist.io/cve/libraries/?public_id=CVE-2011-2732,TRUE,FALSE,
CVE-2011-2731,https://security.snyk.io/search?type=any&q=CVE-2011-2731,https://vuldb.scantist.io/cve/libraries/?public_id=CVE-2011-2731,TRUE,FALSE,
CVE-2011-2730,https://security.snyk.io/search?type=any&q=CVE-2011-2730,https://vuldb.scantist.io/cve/libraries/?public_id=CVE-2011-2730,TRUE,FALSE,
CVE-2011-2526,https://security.snyk.io/search?type=any&q=CVE-2011-2526,https://vuldb.scantist.io/cve/libraries/?public_id=CVE-2011-2526,TRUE,FALSE,
CVE-2011-2481,https://security.snyk.io/search?type=any&q=CVE-2011-2481,https://vuldb.scantist.io/cve/libraries/?public_id=CVE-2011-2481,TRUE,FALSE,
CVE-2011-1582,https://security.snyk.io/search?type=any&q=CVE-2011-1582,https://vuldb.scantist.io/cve/libraries/?public_id=CVE-2011-1582,TRUE,FALSE,
CVE-2011-1498,https://security.snyk.io/search?type=any&q=CVE-2011-1498,https://vuldb.scantist.io/cve/libraries/?public_id=CVE-2011-1498,TRUE,FALSE,
CVE-2011-1475,https://security.snyk.io/search?type=any&q=CVE-2011-1475,https://vuldb.scantist.io/cve/libraries/?public_id=CVE-2011-1475,TRUE,FALSE,
CVE-2011-1419,https://security.snyk.io/search?type=any&q=CVE-2011-1419,https://vuldb.scantist.io/cve/libraries/?public_id=CVE-2011-1419,TRUE,FALSE,
CVE-2011-1183,https://security.snyk.io/search?type=any&q=CVE-2011-1183,https://vuldb.scantist.io/cve/libraries/?public_id=CVE-2011-1183,TRUE,FALSE,
CVE-2011-1088,https://security.snyk.io/search?type=any&q=CVE-2011-1088,https://vuldb.scantist.io/cve/libraries/?public_id=CVE-2011-1088,TRUE,FALSE,
CVE-2011-0013,https://security.snyk.io/search?type=any&q=CVE-2011-0013,https://vuldb.scantist.io/cve/libraries/?public_id=CVE-2011-0013,TRUE,FALSE,
CVE-2010-4172,https://security.snyk.io/search?type=any&q=CVE-2010-4172,https://vuldb.scantist.io/cve/libraries/?public_id=CVE-2010-4172,TRUE,FALSE,
CVE-2010-3863,https://security.snyk.io/search?type=any&q=CVE-2010-3863,https://vuldb.scantist.io/cve/libraries/?public_id=CVE-2010-3863,TRUE,FALSE,
CVE-2010-3718,https://security.snyk.io/search?type=any&q=CVE-2010-3718,https://vuldb.scantist.io/cve/libraries/?public_id=CVE-2010-3718,TRUE,FALSE,
CVE-2010-3700,https://security.snyk.io/search?type=any&q=CVE-2010-3700,https://vuldb.scantist.io/cve/libraries/?public_id=CVE-2010-3700,TRUE,FALSE,
CVE-2010-2076,https://security.snyk.io/search?type=any&q=CVE-2010-2076,https://vuldb.scantist.io/cve/libraries/?public_id=CVE-2010-2076,TRUE,FALSE,
CVE-2010-2075,https://security.snyk.io/search?type=any&q=CVE-2010-2075,https://vuldb.scantist.io/cve/libraries/?public_id=CVE-2010-2075,TRUE,FALSE,
CVE-2010-1622,https://security.snyk.io/search?type=any&q=CVE-2010-1622,https://vuldb.scantist.io/cve/libraries/?public_id=CVE-2010-1622,TRUE,FALSE,
CVE-2010-1330,https://security.snyk.io/search?type=any&q=CVE-2010-1330,https://vuldb.scantist.io/cve/libraries/?public_id=CVE-2010-1330,TRUE,FALSE,
CVE-2009-4612,https://security.snyk.io/search?type=any&q=CVE-2009-4612,https://vuldb.scantist.io/cve/libraries/?public_id=CVE-2009-4612,TRUE,FALSE,
CVE-2009-4611,https://security.snyk.io/search?type=any&q=CVE-2009-4611,https://vuldb.scantist.io/cve/libraries/?public_id=CVE-2009-4611,TRUE,FALSE,
CVE-2009-2625,https://security.snyk.io/search?type=any&q=CVE-2009-2625,https://vuldb.scantist.io/cve/libraries/?public_id=CVE-2009-2625,TRUE,FALSE,
CVE-2009-1524,https://security.snyk.io/search?type=any&q=CVE-2009-1524,https://vuldb.scantist.io/cve/libraries/?public_id=CVE-2009-1524,TRUE,FALSE,
CVE-2009-1523,https://security.snyk.io/search?type=any&q=CVE-2009-1523,https://vuldb.scantist.io/cve/libraries/?public_id=CVE-2009-1523,TRUE,FALSE,
CVE-2007-6672,https://security.snyk.io/search?type=any&q=CVE-2007-6672,https://vuldb.scantist.io/cve/libraries/?public_id=CVE-2007-6672,TRUE,FALSE,
CVE-2007-5615,https://security.snyk.io/search?type=any&q=CVE-2007-5615,https://vuldb.scantist.io/cve/libraries/?public_id=CVE-2007-5615,TRUE,FALSE,
CVE-2006-1548,https://security.snyk.io/search?type=any&q=CVE-2006-1548,https://vuldb.scantist.io/cve/libraries/?public_id=CVE-2006-1548,TRUE,FALSE,
CVE-2006-1547,https://security.snyk.io/search?type=any&q=CVE-2006-1547,https://vuldb.scantist.io/cve/libraries/?public_id=CVE-2006-1547,TRUE,FALSE,
CVE-2006-1546,https://security.snyk.io/search?type=any&q=CVE-2006-1546,https://vuldb.scantist.io/cve/libraries/?public_id=CVE-2006-1546,TRUE,FALSE,
CVE-2021-43466,https://security.snyk.io/search?type=any&q=CVE-2021-43466,https://vuldb.scantist.io/cve/libraries/?public_id=CVE-2021-43466,TRUE,FALSE,
CVE-2021-42340,https://security.snyk.io/search?type=any&q=CVE-2021-42340,https://vuldb.scantist.io/cve/libraries/?public_id=CVE-2021-42340,TRUE,FALSE,
CVE-2021-41973,https://security.snyk.io/search?type=any&q=CVE-2021-41973,https://vuldb.scantist.io/cve/libraries/?public_id=CVE-2021-41973,TRUE,FALSE,
CVE-2021-41862,https://security.snyk.io/search?type=any&q=CVE-2021-41862,https://vuldb.scantist.io/cve/libraries/?public_id=CVE-2021-41862,TRUE,FALSE,
CVE-2021-41616,https://security.snyk.io/search?type=any&q=CVE-2021-41616,https://vuldb.scantist.io/cve/libraries/?public_id=CVE-2021-41616,TRUE,FALSE,
CVE-2021-41303,https://security.snyk.io/search?type=any&q=CVE-2021-41303,https://vuldb.scantist.io/cve/libraries/?public_id=CVE-2021-41303,TRUE,FALSE,
CVE-2021-41079,https://security.snyk.io/search?type=any&q=CVE-2021-41079,https://vuldb.scantist.io/cve/libraries/?public_id=CVE-2021-41079,TRUE,FALSE,snyk has no maven mapping
CVE-2021-3918,https://security.snyk.io/search?type=any&q=CVE-2021-3918,https://vuldb.scantist.io/cve/libraries/?public_id=CVE-2021-3918,TRUE,FALSE,
CVE-2021-38153,https://security.snyk.io/search?type=any&q=CVE-2021-38153,https://vuldb.scantist.io/cve/libraries/?public_id=CVE-2021-38153,TRUE,FALSE,
CVE-2021-3807,https://security.snyk.io/search?type=any&q=CVE-2021-3807,https://vuldb.scantist.io/cve/libraries/?public_id=CVE-2021-3807,TRUE,FALSE,
CVE-2021-3803,https://security.snyk.io/search?type=any&q=CVE-2021-3803,https://vuldb.scantist.io/cve/libraries/?public_id=CVE-2021-3803,TRUE,FALSE,
CVE-2021-3777,https://security.snyk.io/search?type=any&q=CVE-2021-3777,https://vuldb.scantist.io/cve/libraries/?public_id=CVE-2021-3777,TRUE,FALSE,
CVE-2021-37579,https://security.snyk.io/search?type=any&q=CVE-2021-37579,https://vuldb.scantist.io/cve/libraries/?public_id=CVE-2021-37579,TRUE,FALSE,
CVE-2021-37137,https://security.snyk.io/search?type=any&q=CVE-2021-37137,https://vuldb.scantist.io/cve/libraries/?public_id=CVE-2021-37137,TRUE,FALSE,
CVE-2021-36374,https://security.snyk.io/search?type=any&q=CVE-2021-36374,https://vuldb.scantist.io/cve/libraries/?public_id=CVE-2021-36374,TRUE,FALSE,
CVE-2021-36373,https://security.snyk.io/search?type=any&q=CVE-2021-36373,https://vuldb.scantist.io/cve/libraries/?public_id=CVE-2021-36373,TRUE,FALSE,
CVE-2021-36162,https://security.snyk.io/search?type=any&q=CVE-2021-36162,https://vuldb.scantist.io/cve/libraries/?public_id=CVE-2021-36162,TRUE,FALSE,
CVE-2021-36161,https://security.snyk.io/search?type=any&q=CVE-2021-36161,https://vuldb.scantist.io/cve/libraries/?public_id=CVE-2021-36161,TRUE,FALSE,
CVE-2021-34371,https://security.snyk.io/search?type=any&q=CVE-2021-34371,https://vuldb.scantist.io/cve/libraries/?public_id=CVE-2021-34371,TRUE,FALSE,
CVE-2021-33813,https://security.snyk.io/search?type=any&q=CVE-2021-33813,https://vuldb.scantist.io/cve/libraries/?public_id=CVE-2021-33813,TRUE,FALSE,
CVE-2021-33623,https://security.snyk.io/search?type=any&q=CVE-2021-33623,https://vuldb.scantist.io/cve/libraries/?public_id=CVE-2021-33623,TRUE,FALSE,
CVE-2021-33587,https://security.snyk.io/search?type=any&q=CVE-2021-33587,https://vuldb.scantist.io/cve/libraries/?public_id=CVE-2021-33587,TRUE,FALSE,
CVE-2021-33502,https://security.snyk.io/search?type=any&q=CVE-2021-33502,https://vuldb.scantist.io/cve/libraries/?public_id=CVE-2021-33502,TRUE,FALSE,
CVE-2021-33348,https://security.snyk.io/search?type=any&q=CVE-2021-33348,https://vuldb.scantist.io/cve/libraries/?public_id=CVE-2021-33348,TRUE,FALSE,
CVE-2021-33037,https://security.snyk.io/search?type=any&q=CVE-2021-33037,https://vuldb.scantist.io/cve/libraries/?public_id=CVE-2021-33037,TRUE,FALSE,
CVE-2021-32626,https://security.snyk.io/search?type=any&q=CVE-2021-32626,https://vuldb.scantist.io/cve/libraries/?public_id=CVE-2021-32626,TRUE,FALSE,
CVE-2021-31649,https://security.snyk.io/search?type=any&q=CVE-2021-31649,https://vuldb.scantist.io/cve/libraries/?public_id=CVE-2021-31649,TRUE,FALSE,
CVE-2021-30640,https://security.snyk.io/search?type=any&q=CVE-2021-30640,https://vuldb.scantist.io/cve/libraries/?public_id=CVE-2021-30640,TRUE,FALSE,
CVE-2021-30181,https://security.snyk.io/search?type=any&q=CVE-2021-30181,https://vuldb.scantist.io/cve/libraries/?public_id=CVE-2021-30181,TRUE,FALSE,
CVE-2021-30180,https://security.snyk.io/search?type=any&q=CVE-2021-30180,https://vuldb.scantist.io/cve/libraries/?public_id=CVE-2021-30180,TRUE,FALSE,
CVE-2021-29442,https://security.snyk.io/search?type=any&q=CVE-2021-29442,https://vuldb.scantist.io/cve/libraries/?public_id=CVE-2021-29442,TRUE,FALSE,
CVE-2021-29441,https://security.snyk.io/search?type=any&q=CVE-2021-29441,https://vuldb.scantist.io/cve/libraries/?public_id=CVE-2021-29441,TRUE,FALSE,
CVE-2021-29060,https://security.snyk.io/search?type=any&q=CVE-2021-29060,https://vuldb.scantist.io/cve/libraries/?public_id=CVE-2021-29060,TRUE,FALSE,
CVE-2021-29059,https://security.snyk.io/search?type=any&q=CVE-2021-29059,https://vuldb.scantist.io/cve/libraries/?public_id=CVE-2021-29059,TRUE,FALSE,
CVE-2021-28092,https://security.snyk.io/search?type=any&q=CVE-2021-28092,https://vuldb.scantist.io/cve/libraries/?public_id=CVE-2021-28092,TRUE,FALSE,
CVE-2021-27568,https://security.snyk.io/search?type=any&q=CVE-2021-27568,https://vuldb.scantist.io/cve/libraries/?public_id=CVE-2021-27568,TRUE,FALSE,
CVE-2021-27292,https://security.snyk.io/search?type=any&q=CVE-2021-27292,https://vuldb.scantist.io/cve/libraries/?public_id=CVE-2021-27292,TRUE,FALSE,
CVE-2021-23926,https://security.snyk.io/search?type=any&q=CVE-2021-23926,https://vuldb.scantist.io/cve/libraries/?public_id=CVE-2021-23926,TRUE,FALSE,
CVE-2021-23424,https://security.snyk.io/search?type=any&q=CVE-2021-23424,https://vuldb.scantist.io/cve/libraries/?public_id=CVE-2021-23424,TRUE,FALSE,
CVE-2021-23382,https://security.snyk.io/search?type=any&q=CVE-2021-23382,https://vuldb.scantist.io/cve/libraries/?public_id=CVE-2021-23382,TRUE,FALSE,
CVE-2021-23343,https://security.snyk.io/search?type=any&q=CVE-2021-23343,https://vuldb.scantist.io/cve/libraries/?public_id=CVE-2021-23343,TRUE,FALSE,
CVE-2021-23337,https://security.snyk.io/search?type=any&q=CVE-2021-23337,https://vuldb.scantist.io/cve/libraries/?public_id=CVE-2021-23337,TRUE,FALSE,
CVE-2021-22147,https://security.snyk.io/search?type=any&q=CVE-2021-22147,https://vuldb.scantist.io/cve/libraries/?public_id=CVE-2021-22147,TRUE,FALSE,
CVE-2021-22137,https://security.snyk.io/search?type=any&q=CVE-2021-22137,https://vuldb.scantist.io/cve/libraries/?public_id=CVE-2021-22137,TRUE,FALSE,
CVE-2021-22135,https://security.snyk.io/search?type=any&q=CVE-2021-22135,https://vuldb.scantist.io/cve/libraries/?public_id=CVE-2021-22135,TRUE,FALSE,
CVE-2021-22134,https://security.snyk.io/search?type=any&q=CVE-2021-22134,https://vuldb.scantist.io/cve/libraries/?public_id=CVE-2021-22134,TRUE,FALSE,
CVE-2021-22119,https://security.snyk.io/search?type=any&q=CVE-2021-22119,https://vuldb.scantist.io/cve/libraries/?public_id=CVE-2021-22119,TRUE,FALSE,
CVE-2021-22118,https://security.snyk.io/search?type=any&q=CVE-2021-22118,https://vuldb.scantist.io/cve/libraries/?public_id=CVE-2021-22118,TRUE,FALSE,
CVE-2021-22112,https://security.snyk.io/search?type=any&q=CVE-2021-22112,https://vuldb.scantist.io/cve/libraries/?public_id=CVE-2021-22112,TRUE,FALSE,
CVE-2021-22095,https://security.snyk.io/search?type=any&q=CVE-2021-22095,https://vuldb.scantist.io/cve/libraries/?public_id=CVE-2021-22095,TRUE,FALSE,
CVE-2021-21390,https://security.snyk.io/search?type=any&q=CVE-2021-21390,https://vuldb.scantist.io/cve/libraries/?public_id=CVE-2021-21390,TRUE,FALSE,
CVE-2021-21362,https://security.snyk.io/search?type=any&q=CVE-2021-21362,https://vuldb.scantist.io/cve/libraries/?public_id=CVE-2021-21362,TRUE,FALSE,
CVE-2021-21287,https://security.snyk.io/search?type=any&q=CVE-2021-21287,https://vuldb.scantist.io/cve/libraries/?public_id=CVE-2021-21287,TRUE,FALSE,
CVE-2021-21252,https://security.snyk.io/search?type=any&q=CVE-2021-21252,https://vuldb.scantist.io/cve/libraries/?public_id=CVE-2021-21252,TRUE,FALSE,
CVE-2021-20293,https://security.snyk.io/search?type=any&q=CVE-2021-20293,https://vuldb.scantist.io/cve/libraries/?public_id=CVE-2021-20293,TRUE,FALSE,
CVE-2021-20289,https://security.snyk.io/search?type=any&q=CVE-2021-20289,https://vuldb.scantist.io/cve/libraries/?public_id=CVE-2021-20289,TRUE,FALSE,
CVE-2020-9492,https://security.snyk.io/search?type=any&q=CVE-2020-9492,https://vuldb.scantist.io/cve/libraries/?public_id=CVE-2020-9492,TRUE,FALSE,
CVE-2020-9488,https://security.snyk.io/search?type=any&q=CVE-2020-9488,https://vuldb.scantist.io/cve/libraries/?public_id=CVE-2020-9488,TRUE,FALSE,
CVE-2020-8203,https://security.snyk.io/search?type=any&q=CVE-2020-8203,https://vuldb.scantist.io/cve/libraries/?public_id=CVE-2020-8203,TRUE,FALSE,
CVE-2020-8022,https://security.snyk.io/search?type=any&q=CVE-2020-8022,https://vuldb.scantist.io/cve/libraries/?public_id=CVE-2020-8022,TRUE,FALSE,
CVE-2020-7793,https://security.snyk.io/search?type=any&q=CVE-2020-7793,https://vuldb.scantist.io/cve/libraries/?public_id=CVE-2020-7793,TRUE,FALSE,
CVE-2020-7789,https://security.snyk.io/search?type=any&q=CVE-2020-7789,https://vuldb.scantist.io/cve/libraries/?public_id=CVE-2020-7789,TRUE,FALSE,
CVE-2020-7768,https://security.snyk.io/search?type=any&q=CVE-2020-7768,https://vuldb.scantist.io/cve/libraries/?public_id=CVE-2020-7768,TRUE,FALSE,
CVE-2020-7760,https://security.snyk.io/search?type=any&q=CVE-2020-7760,https://vuldb.scantist.io/cve/libraries/?public_id=CVE-2020-7760,TRUE,FALSE,
CVE-2020-7733,https://security.snyk.io/search?type=any&q=CVE-2020-7733,https://vuldb.scantist.io/cve/libraries/?public_id=CVE-2020-7733,TRUE,FALSE,
CVE-2020-7693,https://security.snyk.io/search?type=any&q=CVE-2020-7693,https://vuldb.scantist.io/cve/libraries/?public_id=CVE-2020-7693,TRUE,FALSE,
CVE-2020-7676,https://security.snyk.io/search?type=any&q=CVE-2020-7676,https://vuldb.scantist.io/cve/libraries/?public_id=CVE-2020-7676,TRUE,FALSE,
CVE-2020-7608,https://security.snyk.io/search?type=any&q=CVE-2020-7608,https://vuldb.scantist.io/cve/libraries/?public_id=CVE-2020-7608,TRUE,FALSE,
CVE-2020-7019,https://security.snyk.io/search?type=any&q=CVE-2020-7019,https://vuldb.scantist.io/cve/libraries/?public_id=CVE-2020-7019,TRUE,FALSE,mapped to x-pack core as x-pack lib does not contain ver range
CVE-2020-7009,https://security.snyk.io/search?type=any&q=CVE-2020-7009,https://vuldb.scantist.io/cve/libraries/?public_id=CVE-2020-7009,TRUE,FALSE,
CVE-2020-5421,https://security.snyk.io/search?type=any&q=CVE-2020-5421,https://vuldb.scantist.io/cve/libraries/?public_id=CVE-2020-5421,TRUE,FALSE,
CVE-2020-5404,https://security.snyk.io/search?type=any&q=CVE-2020-5404,https://vuldb.scantist.io/cve/libraries/?public_id=CVE-2020-5404,TRUE,FALSE,
CVE-2020-5403,https://security.snyk.io/search?type=any&q=CVE-2020-5403,https://vuldb.scantist.io/cve/libraries/?public_id=CVE-2020-5403,TRUE,FALSE,
CVE-2020-5397,https://security.snyk.io/search?type=any&q=CVE-2020-5397,https://vuldb.scantist.io/cve/libraries/?public_id=CVE-2020-5397,TRUE,FALSE,
CVE-2020-28500,https://security.snyk.io/search?type=any&q=CVE-2020-28500,https://vuldb.scantist.io/cve/libraries/?public_id=CVE-2020-28500,TRUE,FALSE,
CVE-2020-28499,https://security.snyk.io/search?type=any&q=CVE-2020-28499,https://vuldb.scantist.io/cve/libraries/?public_id=CVE-2020-28499,TRUE,FALSE,
CVE-2020-28469,https://security.snyk.io/search?type=any&q=CVE-2020-28469,https://vuldb.scantist.io/cve/libraries/?public_id=CVE-2020-28469,TRUE,FALSE,
CVE-2020-27782,https://security.snyk.io/search?type=any&q=CVE-2020-27782,https://vuldb.scantist.io/cve/libraries/?public_id=CVE-2020-27782,TRUE,FALSE,
CVE-2020-26939,https://security.snyk.io/search?type=any&q=CVE-2020-26939,https://vuldb.scantist.io/cve/libraries/?public_id=CVE-2020-26939,TRUE,FALSE,
CVE-2020-25638,https://security.snyk.io/search?type=any&q=CVE-2020-25638,https://vuldb.scantist.io/cve/libraries/?public_id=CVE-2020-25638,TRUE,FALSE,
CVE-2020-25633,https://security.snyk.io/search?type=any&q=CVE-2020-25633,https://vuldb.scantist.io/cve/libraries/?public_id=CVE-2020-25633,TRUE,FALSE,
CVE-2020-1948,https://security.snyk.io/search?type=any&q=CVE-2020-1948,https://vuldb.scantist.io/cve/libraries/?public_id=CVE-2020-1948,TRUE,FALSE,
CVE-2020-1757,https://security.snyk.io/search?type=any&q=CVE-2020-1757,https://vuldb.scantist.io/cve/libraries/?public_id=CVE-2020-1757,TRUE,FALSE,
CVE-2020-15366,https://security.snyk.io/search?type=any&q=CVE-2020-15366,https://vuldb.scantist.io/cve/libraries/?public_id=CVE-2020-15366,TRUE,FALSE,
CVE-2020-15168,https://security.snyk.io/search?type=any&q=CVE-2020-15168,https://vuldb.scantist.io/cve/libraries/?public_id=CVE-2020-15168,TRUE,FALSE,
CVE-2020-13692,https://security.snyk.io/search?type=any&q=CVE-2020-13692,https://vuldb.scantist.io/cve/libraries/?public_id=CVE-2020-13692,TRUE,FALSE,
CVE-2020-11989,https://security.snyk.io/search?type=any&q=CVE-2020-11989,https://vuldb.scantist.io/cve/libraries/?public_id=CVE-2020-11989,TRUE,FALSE,
CVE-2020-10719,https://security.snyk.io/search?type=any&q=CVE-2020-10719,https://vuldb.scantist.io/cve/libraries/?public_id=CVE-2020-10719,TRUE,FALSE,
CVE-2020-10688,https://security.snyk.io/search?type=any&q=CVE-2020-10688,https://vuldb.scantist.io/cve/libraries/?public_id=CVE-2020-10688,TRUE,FALSE,
