apache@hadoop,steady,failed,4407.660187721252,
dromara@hutool,steady,success,11018.971092939377,
eclipse@deeplearning4j,steady,failed,4407.656525850296,
eclipse-vertx@vert.x,steady,success,585.7204403877258,
brettwooldridge@HikariCP,steady,failed,4462.767868041992,
zouzg@mybatis-generator-gui,steady,success,2295.321950674057,
lettuce-io@lettuce-core,steady,failed,2395.1010320186615,
square@javapoet,steady,failed,4733.286154985428,
perwendel@spark,steady,failed,4732.411411523819,
lets-blade@blade,steady,failed,4700.01958322525,
OpenAPITools@openapi-generator,steady,failed,4733.725920915604,
deathmarine@Luyten,steady,success,1417.8648691177368,
mcxiaoke@android-volley,steady,success,3877.6089956760406,
orientechnologies@orientdb,steady,failed,8054.583074092865,
ZHENFENG13@spring-boot-projects,steady,failed,4176.929916143417,
apache@camel,steady,failed,6636.675456762314,
kiegroup@drools,steady,failed,8058.527083158493,
google@google-java-format,steady,failed,8072.688649654388,
pedrovgs@Algorithms,steady,success,144.6023769378662,
ronmamo@reflections,steady,success,376.5863437652588,
chanjarster@weixin-java-tools,steady,success,747.6455674171448,
Pay-Group@best-pay-sdk,steady,failed,956.4426484107971,
liyiorg@weixin-popular,steady,success,146.51345539093018,
OpenHFT@Chronicle-Queue,steady,success,818.5618586540222,
spotify@docker-maven-plugin,steady,failed,3174.00816321373,
zalando@zalenium,steady,failed,1979.9416410923004,
spring-projects@spring-data-elasticsearch,steady,failed,3532.6995713710785,
ddd-by-examples@library,steady,failed,3552.3965525627136,
WinterChenS@my-site,steady,failed,2304.822118282318,
alibaba@TProfiler,steady,success,82.38300728797913,
apache@commons-lang,steady,success,123.96771240234375,
caoxinyu@RedisClient,steady,success,204.67174530029297,
alibaba@yugong,steady,success,1447.7840538024902,
vipshop@vjtools,steady,success,9.765726566314697,
JakeWharton@ActionBarSherlock,steady,success,362.60244965553284,
medcl@elasticsearch-analysis-pinyin,steady,failed,5255.072197198868,
cryptomator@cryptomator,steady,failed,3230.117537021637,
camunda-cloud@zeebe,steady,failed,5050.548142671585,
QNJR-GROUP@EasyTransaction,steady,failed,5263.500717163086,
spring-projects@spring-data-jpa,steady,failed,5270.271184682846,
kevin-wayne@algs4,steady,success,235.4228367805481,
VerbalExpressions@JavaVerbalExpressions,steady,success,265.9030177593231,
vdurmont@emoji-java,steady,success,17.879668474197388,
xtuhcy@gecco,steady,failed,5619.48414516449,
OpenHFT@Chronicle-Map,steady,failed,5667.916183948517,
AnyListen@tools-ocr,steady,failed,5897.57425570488,
igniterealtime@Openfire,steady,failed,5883.435116529465,
checkstyle@checkstyle,steady,failed,5904.358108043671,
h2oai@h2o-2,steady,failed,343.51208901405334,
addthis@stream-lib,steady,failed,343.5111815929413,
classgraph@classgraph,steady,failed,343.70587277412415,
Bukkit@Bukkit,steady,failed,342.74271631240845,
hneemann@Digital,steady,failed,343.51226782798767,
DeemOpen@zkui,steady,failed,356.2073621749878,
Netflix@curator,steady,failed,355.60014605522156,
vipshop@Saturn,steady,failed,356.2593560218811,
pac4j@pac4j,steady,failed,357.48815417289734,
soot-oss@soot,steady,failed,359.85471057891846,
zeromq@jeromq,steady,success,101.1711597442627,
hellokaton@30-seconds-of-java8,steady,success,48.59364867210388,
google@jimfs,steady,success,194.92958974838257,
sofastack@sofa-bolt,steady,success,524.8869276046753,
alibaba@dubbo-spring-boot-starter,steady,failed,758.558839559555,
apache@avro,steady,failed,221.33867573738098,
assertj@assertj-core,steady,failed,763.2764549255371,
huanzi-qch@base-admin,steady,failed,566.2907223701477,
dunwu@javacore,steady,failed,611.2210540771484,
androidquery@androidquery,steady,success,129.45460176467896,
huaban@jieba-analysis,steady,success,125.50631022453308,
bonnyfone@vectalign,steady,success,318.5919153690338,
tonikelope@megabasterd,steady,success,64.92090606689453,
jenkinsci@kubernetes-plugin,steady,failed,4867.370794296265,
apilayer@restcountries,steady,failed,4997.795706272125,
SpringForAll@spring-boot-starter-swagger,steady,failed,4999.142845630646,
zhangxd1989@spring-boot-cloud,steady,failed,4899.466771364212,
HdrHistogram@HdrHistogram,steady,success,295.23913645744324,
toolbox4minecraft@amidst,steady,success,336.86478781700134,
logfellow@logstash-logback-encoder,steady,success,5714.193800449371,
TakahikoKawasaki@nv-websocket-client,steady,success,120.63739061355591,
boylegu@SpringBoot-vue,steady,failed,1542.04745221138,
bonigarcia@webdrivermanager,steady,failed,1470.9143764972687,
WeBankFinTech@DataSphereStudio,steady,failed,1926.1234731674194,
confluentinc@kafka-streams-examples,steady,failed,1992.40665102005,
shzlw@poli,steady,success,2040.9133234024048,
seata@seata-samples,steady,success,2918.13174033165,
amaembo@streamex,steady,success,27.34587597846985,
lyrric@seckill,steady,success,35.911794900894165,
shyiko@mysql-binlog-connector-java,steady,failed,91.37790131568909,
ysc@QuestionAnsweringSystem,steady,failed,210.094083070755,
apache@iotdb,steady,failed,3118.57040643692,
jonashackt@spring-boot-vuejs,steady,failed,3197.574981212616,
qiujiayu@AutoLoadCache,steady,failed,1247.0590677261353,
Athou@commafeed,steady,failed,3988.489218711853,
hellokaton@wechat-api,steady,success,202.3994221687317,
casbin@jcasbin,steady,success,548.0420362949371,
mabe02@lanterna,steady,success,2459.9033188819885,
kairosdb@kairosdb,steady,success,2273.5414447784424,
zhegexiaohuozi@SeimiCrawler,steady,success,3135.903491973877,
JeffLi1993@java-core-learning-example,steady,success,37.27158308029175,
ysc@word,steady,success,3102.7158629894257,
UniversalMediaServer@UniversalMediaServer,steady,success,1705.1403212547302,
robovm@robovm,steady,success,3329.9693801403046,
uber-common@jvm-profiler,steady,success,101.80883145332336,
tdunning@t-digest,steady,success,597.4253876209259,
Smith-Cruise@Spring-Boot-Shiro,steady,success,236.008930683136,
DerekYRC@mini-spring,steady,success,150.01186680793762,
MorphiaOrg@morphia,steady,success,1966.3124723434448,
yzcheng90@X-SpringBoot,steady,success,2674.4682610034943,
yahoo@mysql_perf_analyzer,steady,success,2181.609452009201,
asciidocfx@AsciidocFX,steady,success,9910.374868392944,
spotify@docker-client,steady,success,696.0840282440186,
OpenHFT@Java-Thread-Affinity,steady,success,335.7462348937988,
wosyingjun@beauty_ssm,steady,success,615.2837927341461,
square@haha,steady,success,280.5234594345093,
bwssytems@ha-bridge,steady,success,544.4863660335541,
tomoya92@pybbs,steady,success,2083.1566758155823,
komoot@photon,steady,success,799.877608537674,
json-iterator@java,steady,success,48.584559202194214,
gravitee-io@gravitee-api-management,steady,success,11815.727160692215,
apache@pdfbox,steady,failed,195.34328961372375,
json-iterator@java,steady,success,174.7821717262268,
greenrobot@essentials,steady,success,75.67780637741089,
tabulapdf@tabula-java,steady,success,717.1337289810181,
liaohuqiu@android-GridViewWithHeaderAndFooter,steady,success,102.81963968276978,
bootique@bootique,steady,success,1165.4355087280273,
gravitee-io@gravitee-api-management,steady,failed,13349.640305280685,
jenkinsci@gitlab-plugin,steady,failed,13647.121888160706,
liaochong@myexcel,steady,failed,11441.050751686096,
unline2@RandomImage,steady,success,551.1494889259338,
feihong-cs@ShiroExploit-Deprecated,steady,success,1365.9002418518066,
EsotericSoftware@reflectasm,steady,success,39.09497141838074,
zeroturnaround@zt-zip,steady,success,22.760682582855225,
git-commit-id@git-commit-id-maven-plugin,steady,success,1350.578207731247,
INRIA@spoon,steady,success,1723.385614156723,
864381832@xJavaFxTool,steady,success,2165.447540283203,
shuleisanshi@myblog,steady,success,4109.107900857925,
siddhi-io@siddhi,steady,success,4889.632080316544,
PlusHaze@TrayNotification,steady,success,16.806870222091675,
spring-projects@spring-data-mongodb,steady,failed,7331.865739583969,
JonathanLink@PDFLayoutTextStripper,steady,failed,7613.997792005539,
vladimir-bukhtoyarov@bucket4j,steady,failed,7657.325562000275,
NLPchina@nlp-lang,steady,success,662.6215891838074,
jcodec@jcodec,steady,success,144.52534174919128,
aliyun@aliyun-oss-java-sdk,steady,success,1174.6319842338562,
developersu@ns-usbloader,steady,success,783.5073001384735,
kolorobot@spring-mvc-quickstart-archetype,steady,success,90.7520580291748,
belerweb@pinyin4j,steady,success,21.345861434936523,
lennartkoopmann@nzyme,steady,success,3658.592704772949,
JosephZhu1983@java-common-mistakes,steady,success,6094.0523228645325,
megagao@production_ssm,steady,success,1253.6477797031403,
redwarp@9-Patch-Resizer,steady,success,32.81889510154724,
Nepxion@DiscoveryGuide,steady,failed,2379.4942293167114,
dremio@dremio-oss,steady,failed,7582.323177576065,
signalapp@BitHub,steady,success,1277.1168744564056,
gsh199449@spider,steady,success,1848.2156715393066,
sofastack@sofa-tracer,steady,failed,27887.579424619675,
spring-projects@spring-hateoas,steady,failed,24959.37033724785,
mahmoudparsian@data-algorithms-book,steady,failed,29142.712757110596,
leangen@graphql-spqr,steady,success,411.30869603157043,
patrickfav@uber-apk-signer,steady,success,153.83176565170288,
binarywang@weixin-java-miniapp-demo,steady,success,651.6545622348785,
bbottema@simple-java-mail,steady,success,2069.3373277187347,
abel533@Mybatis-Spring,steady,success,473.2013442516327,
wstrange@GoogleAuth,steady,success,11.94503140449524,
vert-x3@vertx-web,steady,success,2002.397836446762,
pvorb@npm-stat.com,steady,success,942.4415011405945,
Nilhcem@FakeSMTP,steady,success,49.40483808517456,
shibing624@similarity,steady,success,93.03413820266724,
wsk1103@Used-Trading-Platform,steady,success,280.5210602283478,
FasterXML@jackson-annotations,steady,success,37.5837664604187,
vladmihalcea@high-performance-java-persistence,steady,success,3008.460279226303,
jfaster@mango,steady,success,172.63423681259155,
bennidi@mbassador,steady,success,51.66512989997864,
actiontech@dble,steady,success,801.5017333030701,
reactor@lite-rx-api-hands-on,steady,success,51.993189334869385,
4pr0n@ripme,steady,success,35.822041273117065,
klout@brickhouse,steady,success,7085.226058483124,
wuyinxian124@nettybook2,steady,success,711.8539626598358,
shekhargulati@30-seconds-of-java,steady,success,11.483471155166626,
belaban@JGroups,steady,success,329.0450978279114,
sqlancer@sqlancer,steady,success,353.16293263435364,
threedr3am@JSP-WebShells,steady,success,196.68745040893555,
aurasphere@gomorra-sql,steady,success,92.91121935844421,
kungfoo@geohash-java,steady,success,23.12824320793152,
tjake@Solandra,steady,success,1142.1220676898956,
skyscreamer@JSONassert,steady,success,14.635446786880493,
airlift@airline,steady,success,69.47293186187744,
LinkedInAttic@indextank-engine,steady,success,163.9460232257843,
GenshenWang@SSM_HRMS,steady,success,133.5533516407013,
oldratlee@fucking-java-concurrency,steady,success,16.94748568534851,
fuzhengwei@interview,steady,success,173.98060989379883,
alibaba@compileflow,steady,success,126.4201431274414,
apache@commons-io,steady,success,39.18226599693298,
amzn@ion-java,steady,success,33.82472538948059,
chrisbanes@Android-BitmapCache,steady,success,32.37615203857422,
momosecurity@rhizobia_J,steady,success,7.883803844451904,
xuxueli@xxl-api,steady,success,142.92418909072876,
Hello-hao@Tbed,steady,success,986.7857666015625,
uniVocity@univocity-parsers,steady,success,49.52674674987793,
Wang-Jun-Chao@leetcode,steady,success,5.367793321609497,
0opslab@opslabJutil,steady,success,12.833772420883179,
pgjdbc@r2dbc-postgresql,steady,success,782.4920632839203,
apache@accumulo,steady,success,16934.05840921402,
dibo-software@diboot,steady,success,1079.424887895584,
jfree@jfreechart,steady,success,54.30999231338501,
TheKingOfDuck@burpFakeIP,steady,success,12.583234548568726,
apache@jena,steady,success,4457.390337944031,
confluentinc@kafka-connect-jdbc,steady,success,3492.402703523636,
javafx-maven-plugin@javafx-maven-plugin,steady,success,68.67079663276672,
apache@systemds,steady,success,27990.637110471725,
callicoder@spring-boot-websocket-chat-demo,steady,success,650.0132048130035,
OfficeDev@ews-java-api,steady,success,69.37728762626648,
javacc@javacc,steady,success,22.763960123062134,
webbit@webbit,steady,success,74.82490539550781,
RohitAwate@Everest,steady,success,340.79385018348694,
a-schild@jave2,steady,success,1025.4606485366821,
ctongfei@progressbar,steady,success,14.652078866958618,
c0ny1@FastjsonExploit,steady,success,160.47671818733215,
eBay@parallec,steady,success,1465.5950148105621,
mcMMO-Dev@mcMMO,steady,success,4281.785330295563,
leonchen83@redis-replicator,steady,success,56.256964921951294,
MachinePublishers@jBrowserDriver,steady,success,142.79840278625488,
javalite@javalite,steady,success,3753.3360958099365,
spring-projects@spring-data-rest,steady,success,305.0827136039734,
spring-guides@tut-spring-boot-oauth2,steady,success,423.45219564437866,
alexa@alexa-skills-kit-sdk-for-java,steady,success,536.5425324440002,
sd4324530@fastweixin,steady,success,52.21064257621765,
antlr@stringtemplate4,steady,success,10.614602327346802,
hankcs@AhoCorasickDoubleArrayTrie,steady,success,13.749239444732666,
logpresso@CVE-2021-44228-Scanner,steady,success,16.74945640563965,
uklimaschewski@EvalEx,steady,success,8.962746143341064,
spring-cloud@spring-cloud-openfeign,steady,success,8284.22307419777,
vulnersCom@burp-vulners-scanner,steady,success,132.14613223075867,
GoogleCloudPlatform@DataflowTemplates,steady,success,26529.804201841354,
mybatis@mybatis-dynamic-sql,steady,success,3864.4247658252716,
pippo-java@pippo,steady,success,3141.5061910152435,
rnewson@couchdb-lucene,steady,success,5529.328182935715,
zeroturnaround@zt-exec,steady,success,9.929254531860352,
kstyrc@embedded-redis,steady,success,50.66199564933777,
apache@datasketches-java,steady,success,35.89596438407898,
wangl1989@mysiteforme,steady,success,499.8257772922516,
simplenlg@simplenlg,steady,success,108.24593448638916,
dermotte@LIRE,steady,success,70.01852202415466,
eclipse-vertx@vertx-sql-client,steady,success,831.115531206131,
withstars@Books-Management-System,steady,success,60.654003858566284,
apache@cxf,steady,success,5740.466297626495,
rememberber@WeSync,steady,success,175.87595748901367,
oeljeklaus-you@UserActionAnalyzePlatform,steady,failed,7970.534836530685,
snakerflow@snakerflow,steady,success,762.1505014896393,
zhangyd-c@springboot-learning,steady,success,516.6847596168518,
jhusain@learnrxjava,steady,success,28.189581394195557,
onblog@SnowJena,steady,success,17.68470311164856,
spring-cloud@spring-cloud-function,steady,success,85824.32922005653,
protegeproject@protege,steady,success,1094.2196712493896,
abel533@guns,steady,success,220.42624020576477,
SoftInstigate@restheart,steady,success,4330.837682008743,
MobiVM@robovm,steady,success,5807.9220225811005,
yegor256@takes,steady,success,320.7509126663208,
kingschan1204@istock,steady,success,418.8504288196564,
robert-bor@aho-corasick,steady,success,23.165248155593872,
binarywang@weixin-java-pay-demo,steady,success,288.9360423088074,
piomin@sample-spring-microservices-new,steady,success,619.4363830089569,
actframework@actframework,steady,success,1056.4625658988953,
restfb@restfb,steady,success,25.639827966690063,
stateless4j@stateless4j,steady,success,21.295397996902466,
AwakenCN@InChat,steady,success,41.05582666397095,
jan-molak@jenkins-build-monitor-plugin,steady,failed,1514.8304104804993,
adyliu@jafka,steady,success,94.00799131393433,
kongchen@swagger-maven-plugin,steady,success,227.85423183441162,
ryantenney@metrics-spring,steady,success,213.01134324073792,
objectify@objectify,steady,success,146.21464371681213,
neuland@jade4j,steady,success,31.845505237579346,
veracode-research@rogue-jndi,steady,success,37.709044456481934,
jline@jline2,steady,success,46.79816722869873,
bootsrc@jseckill,steady,success,201.9213569164276,
simplesteph@kafka-streams-course,steady,success,91.18298768997192,
svlada@springboot-security-jwt,steady,success,294.23831820487976,
anji-plus@captcha,steady,success,302.30850648880005,
floodlight@floodlight,steady,success,3906.391072511673,
OWASP@java-html-sanitizer,steady,success,48.36002540588379,
Devskiller@jfairy,steady,success,130.26398849487305,
DiscordSRV@DiscordSRV,steady,success,1119.4554281234741,
rstoyanchev@spring-websocket-portfolio,steady,success,228.1699573993683,
liuyueyi@quick-media,steady,success,1435.735937833786,
nodebox@nodebox,steady,success,584.1817052364349,
SummerSec@ShiroAttack2,steady,success,170.1362464427948,
chaokunyang@microservices-event-sourcing,steady,success,1157.224693775177,
in28minutes@SpringMvcStepByStep,steady,success,111.70875763893127,
liyifeng1994@seckill,steady,success,94.82757782936096,
dromara@forest,steady,success,500.56926679611206,
c0ny1@jsEncrypter,steady,success,9.147372007369995,
jpush@jpush-api-java-client,steady,success,86.16996169090271,
TaleLin@lin-cms-spring-boot,steady,success,179.03490209579468,
spotify-web-api-java@spotify-web-api-java,steady,success,68.61400985717773,
andytill@erlyberly,steady,success,24.924933671951294,
fangyidong@json-simple,steady,success,11.043041467666626,
olacabs@jackhammer,steady,success,525.2664411067963,
spring-cloud@spring-cloud-consul,steady,success,43806.465940475464,
alibaba@asyncload,steady,success,30.15260338783264,
JakeWharton@picasso2-okhttp3-downloader,steady,success,216.44418048858643,
IQSS@dataverse,steady,success,3244.7274165153503,
pulsarIO@realtime-analytics,steady,success,3984.9299099445343,
federicodotta@Java-Deserialization-Scanner,steady,success,13.180622100830078,
NLPchina@Word2VEC_java,steady,success,7.587575197219849,
spring-cloud@spring-cloud-release,steady,success,25.12139582633972,
atool@fluent-mybatis,steady,success,769.3665881156921,
support-project@knowledge,steady,success,1232.3629732131958,
jenkinsci@slack-plugin,steady,success,1201.6733136177063,
jhipster@jhipster-registry,steady,success,910.0922384262085,
prometheus@cloudwatch_exporter,steady,success,275.6499309539795,
alibaba@cobarclient,steady,success,231.0634114742279,
consulo@consulo,steady,failed,6329.977573394775,
luoye663@e5,steady,success,505.68195605278015,
OpenHFT@Zero-Allocation-Hashing,steady,success,24.692951202392578,
bit4woo@domain_hunter,steady,success,17.104263067245483,
armzilla@amazon-echo-ha-bridge,steady,success,442.96871066093445,
moduliths@moduliths,steady,success,637.5243566036224,
confluentinc@kafka-connect-elasticsearch,steady,success,869.9134500026703,
buptdavid@datastructure,steady,success,232.93961668014526,
FastBootWeixin@FastBootWeixin,steady,success,67.72840976715088,
smart-doc-group@smart-doc,steady,success,86.67575788497925,
update4j@update4j,steady,success,11.736512899398804,
tls-attacker@TLS-Attacker,steady,success,372.67191791534424,
sing1ee@dict_build,steady,success,27.02084183692932,
kekingcn@spring-boot-klock-starter,steady,success,237.0807466506958,
openhab@openhab-core,steady,failed,7798.031611919403,
owlcs@owlapi,steady,success,356.56418681144714,
f2prateek@progressbutton,steady,success,39.474745988845825,
lmdbjava@lmdbjava,steady,success,42.597299098968506,
keets2012@Auth-service,steady,success,1362.154573917389,
jgraph@jgraphx,steady,success,22.44581151008606,
philipsorst@angular-rest-springsecurity,steady,success,268.89110803604126,
wks@ik-analyzer,steady,success,93.404789686203,
beanshell@beanshell,steady,success,18.832035541534424,
nacos-group@nacos-spring-boot-project,steady,success,371.38014030456543,
echisan@springboot-jwt-demo,steady,success,161.85379648208618,
in28minutes@JavaInterviewQuestionsAndAnswers,steady,success,13.988322019577026,
square@gifencoder,steady,success,41.053609132766724,
mergebase@log4j-detector,steady,success,8.37885856628418,
KevinXie0131@SpringMVC-Spring-MyBatis,steady,success,77.5231261253357,
dibbhatt@kafka-spark-consumer,steady,success,2335.0940239429474,
apache@wicket,steady,failed,1934.7831547260284,
neo4j-labs@neosemantics,steady,success,4081.9474127292633,
google@compile-testing,steady,success,123.01284766197205,
ddf@Minim,steady,success,194.44911813735962,
Playtika@testcontainers-spring-boot,steady,failed,10691.75986289978,
giltene@jHiccup,steady,success,11.653288841247559,
bfwg@springboot-jwt-starter,steady,success,389.0267915725708,
cardillo@joinery,steady,success,107.16295075416565,
gresrun@jesque,steady,success,97.793869972229,
dynjs@dynjs,steady,success,451.72092270851135,
crossoverJie@distributed-redis-tool,steady,success,98.72098326683044,
xuxueli@xxl-crawler,steady,success,139.8609321117401,
NLPchina@elasticsearch-analysis-ansj,steady,success,173.1907937526703,
opentable@otj-pg-embedded,steady,success,508.8676235675812,
hongwen1993@fast-drools-spring-boot-starter,steady,success,1058.3932509422302,
SonicCloudOrg@sonic-agent,steady,success,2184.0058765411377,
bmwcarit@barefoot,steady,success,58.94886517524719,
Stratio@cassandra-lucene-index,steady,success,3328.5900914669037,
ofdrw@ofdrw,steady,success,104.4907054901123,
sunpeak@riskcontrol,steady,success,421.12351727485657,
JodaOrg@joda-money,steady,success,61.482301473617554,
spring-cloud@spring-cloud-stream,steady,success,99649.16756176949,
Erudika@scoold,steady,success,390.00109028816223,
wucao@JDeploy,steady,success,153.34670448303223,
awslabs@amazon-kinesis-client,steady,success,576.4936945438385,
coder-yqj@springboot-shiro,steady,success,500.41187810897827,
khoubyari@spring-boot-rest-example,steady,success,417.59808111190796,
bjmashibing@JUC,steady,success,19.263703107833862,
JakeWharton@flip-tables,steady,success,14.489385843276978,
hengyunabc@xdiamond,steady,success,780.1208460330963,
apache@ranger,steady,failed,18971.471285820007,
ballcat-projects@ballcat,steady,failed,13343.411083936691,
MangoAutomation@modbus4j,steady,success,307.63689637184143,
JamesZBL@java_design_patterns,steady,success,344.502765417099,
dolyw@ShiroJwt,steady,success,194.09009051322937,
jitsi@libjitsi,steady,success,1089.8476712703705,
wenbochang888@house,steady,success,371.93622398376465,
cheese10yun@spring-jpa-best-practices,steady,success,1924.1504645347595,
Byron4j@CookBook,steady,success,1876.8424685001373,
digitalfondue@lavagna,steady,success,598.6444480419159,
bguerout@jongo,steady,success,255.6336317062378,
swwheihei@wvp-GB28181,steady,success,547.0569043159485,
jirutka@rsql-parser,steady,success,120.4120523929596,
atarw@material-ui-swing,steady,success,25.898150205612183,
eclipse@microprofile,steady,success,35.45515751838684,
marhan@effective-java-examples,steady,success,17.45820450782776,
JOML-CI@JOML,steady,success,487.9836194515228,
goxr3plus@XR3Player,steady,success,1410.735909461975,
gousiosg@java-callgraph,steady,success,200.1935887336731,
apache@james-project,steady,failed,15656.507669210434,
spring-cloud@spring-cloud-commons,steady,success,28129.446110248566,
LinkedInAttic@cleo,steady,success,81.47239756584167,
rickfast@consul-client,steady,success,462.3243360519409,
swagger-api@swagger-parser,steady,success,1243.3434474468231,
jhalterman@typetools,steady,success,36.81802463531494,
pmiaowu@BurpFastJsonScan,steady,success,11.565628051757812,
GeyserMC@MCProtocolLib,steady,success,389.34359908103943,
megagao@IndoorPos,steady,success,79.35595417022705,
jblas-project@jblas,steady,success,37.8029568195343,
wmixvideo@nfe,steady,success,1246.7585327625275,
ssssssss-team@magic-api,steady,success,2050.960228919983,
hprose@hprose-java,steady,success,112.58506846427917,
japgolly@svg-android,steady,success,110.91703748703003,
jkxqj@KingIM,steady,success,504.22668170928955,
c0ny1@captcha-killer,steady,success,33.89362692832947,
lexburner@zuul-gateway-demo,steady,success,320.4345018863678,
apache@plc4x,steady,success,11958.783406734467,
OWASP@OWASP-WebScarab,steady,success,1964.342509508133,
saik0@UnifiedPreference,steady,success,44.197237730026245,
sjr7@seckill,steady,success,125.6768958568573,
spring-projects@spring-data-relational,steady,success,3373.4552607536316,
google@closure-templates,steady,success,155.51000905036926,
melin@super-diamond,steady,success,429.5250985622406,
pazone@ashot,steady,success,169.1960518360138,
odnoklassniki@one-nio,steady,success,15.757089376449585,
lwjglgamedev@lwjglbook,steady,success,1301.3616585731506,
pires@obd-java-api,steady,success,53.27594614028931,
bezkoder@spring-boot-spring-security-jwt-authentication,steady,success,352.16969084739685,
ZZMarquis@gmhelper,steady,success,16.645297050476074,
HtmlUnit@htmlunit,steady,success,2190.2814955711365,
allwefantasy@ServiceFramework,steady,success,4816.47859454155,
caozongpeng@SpringBootBlog,steady,success,340.00187134742737,
cheese10yun@github-project-management,steady,success,128.35913515090942,
mirromutth@r2dbc-mysql,steady,success,309.13105487823486,
szvone@Vmq,steady,success,58.60108017921448,
yujiasun@Distributed-Kit,steady,success,35.738627672195435,
weiboad@fiery,steady,success,195.36718130111694,
ddd-by-examples@all-things-cqrs,steady,success,674.9372973442078,
automvc@bee,steady,success,8.13176155090332,
ilmila@J2EEScan,steady,success,48.24324655532837,
anshooarora@extentreports-java,steady,success,105.78158831596375,
Baidu-AIP@java-sdk,steady,success,16.559738874435425,
optimaize@language-detector,steady,success,34.30875492095947,
spring-projects@spring-shell,steady,success,327.68221783638,
HubSpot@jinjava,steady,success,113.10397505760193,
ThreeTen@threetenbp,steady,success,30.53697919845581,
EsotericSoftware@yamlbeans,steady,success,15.049293041229248,
openmessaging@dledger,steady,success,81.6625337600708,
amazon-archives@aws-apigateway-importer,steady,success,626.9167745113373,
skadistats@clarity,steady,success,3772.7939796447754,
cyfonly@FLogger,steady,success,14.104294061660767,
lihengming@java-codes,steady,success,25.262794733047485,
xenv@S-mall-ssm,steady,success,119.90125727653503,
bulldog2011@bigqueue,steady,success,23.108314990997314,
dustin@java-memcached-client,steady,success,54.85273003578186,
gaoxianglong@shark,steady,success,124.4907341003418,
mybatis@jpetstore-6,steady,success,1089.3448922634125,
yandex-qatools@postgresql-embedded,steady,success,36.86527609825134,
LJWLgl@CommonUtil,steady,success,53.647828102111816,
keets2012@microservice-integration,steady,success,988.2930796146393,
vidstige@jadb,steady,success,80.71461272239685,
ESAPI@esapi-java-legacy,steady,success,76.9333565235138,
daniel-cottone@Cerberus,steady,success,232.4333221912384,
FasterXML@jackson-dataformat-xml,steady,success,183.39693355560303,
littlersmall@rabbitmq-access,steady,success,204.96583890914917,
nydiarra@springboot-jwt,steady,success,110.27962231636047,
jaxio@celerio-angular-quickstart,steady,success,178.43294405937195,
TyCoding@springboot-seckill,steady,success,129.0495045185089,
wmyskxz@Tmall_SSM,steady,success,36.29319882392883,
jenkinsci@ghprb-plugin,steady,success,2411.45356798172,
JoeCao@qbike,steady,success,839.3937335014343,
JoeCao@qbike,steady,success,1359.0026352405548,
zhanghuanhao@LibrarySystem,steady,success,232.19240593910217,
zhanghuanhao@LibrarySystem,steady,success,138.2664544582367,
database-rider@database-rider,steady,failed,20087.33962535858,
bujiio@buji-pac4j,steady,success,121.06892371177673,
nsporillo@GlobalWarming,steady,success,85.24597525596619,
jcabi@jcabi-aspects,steady,success,109.15539908409119,
openkm@document-management-system,steady,success,22495.601320505142,
jsonzou@jmockdata,steady,success,38.65458869934082,
jenkinsci@docker-plugin,steady,success,1861.691284418106,
AReallyGoodName@OfflineReverseGeocode,steady,success,63.43815851211548,
adlered@bolo-solo,steady,success,985.0683391094208,
dlsc-software-consulting-gmbh@FormsFX,steady,success,314.6055164337158,
EalenXie@spring-microservice-ddd,steady,success,529.2959892749786,
gaussic@SpringMVCDemo,steady,success,839.6336531639099,
ArvinZhangX@ssm_bilibili,steady,success,100.39498043060303,
square@burst,steady,success,108.00233888626099,
lemire@JavaFastPFOR,steady,failed,62.1549391746521,
Kotlin@kotlin-interactive-shell,steady,success,6529.507991075516,
mongobee@mongobee,steady,success,869.3680005073547,
bit4woo@Fiora,steady,success,214.74970126152039,
eguid@FFCH4J,steady,success,13.373179197311401,
jantent@Jantent,steady,success,1358.1009964942932,
airlift@slice,steady,success,595.5245265960693,
poetix@protonpack,steady,success,239.46788430213928,
jenkinsci@docker-workflow-plugin,steady,failed,2973.520391225815,
ontop@ontop,steady,failed,20263.22920203209,
springframeworkguru@springbootwebapp,steady,success,1505.5960490703583,
spring-cloud-samples@eureka,steady,success,4502.283173084259,
xiaoyao1991@presto-ethereum,steady,success,6522.742495775223,
c0ny1@java-object-searcher,steady,success,45.46044087409973,
myabc@markdownj,steady,success,46.46976327896118,
in28minutes@JavaWebApplicationStepByStep,steady,success,68.65938949584961,
dromara@liteflow,steady,failed,10504.368854522705,
dlsc-software-consulting-gmbh@WorkbenchFX,steady,failed,11567.800587654114,
ipfs-shipyard@java-ipfs-http-client,steady,success,303.55418157577515,
google@s2-geometry-library-java,steady,success,60.166839361190796,
brettwooldridge@HikariJSON,steady,success,1008.8300747871399,
akquinet@android-archetypes,steady,success,201.10951972007751,
OWASP-Benchmark@BenchmarkJava,steady,success,1743.3405528068542,
rcarz@jira-client,steady,success,100.8284809589386,
bacen@pix-dict-quickstart,steady,success,359.5617229938507,
su18@JNDI,steady,success,1306.4835495948792,
zheludkovm@LinuxJavaFixes,steady,success,12.408780574798584,
piomin@sample-spring-microservices,steady,success,1632.9538218975067,
SpringCloud@spring-cloud-dubbo,steady,success,264.1317312717438,
apache@commons-math,steady,success,740.8232824802399,
woodpecker-appstore@log4j-payload-generator,steady,success,11.668140649795532,
yegor256@rultor,steady,success,3980.2667326927185,
schibsted@jslt,steady,success,43.03718328475952,
cleancoders@CleanCodeCaseStudy,steady,success,1198.227186203003,
rjeschke@txtmark,steady,success,11.869547843933105,
LatencyUtils@LatencyUtils,steady,success,17.957095623016357,
LatencyUtils@LatencyUtils,steady,success,717.8417358398438,
TheAlgorithms@Java,steady,success,67.70478129386902,
alibaba@arthas,steady,success,4056.976818084717,
netty@netty,steady,failed,5445.43484044075,
crossoverJie@JCSprout,steady,success,1396.1295104026794,
proxyee-down-org@proxyee-down,steady,success,1484.927446603775,
alibaba@easyexcel,steady,success,491.23262000083923,
alibaba@fastjson,steady,success,7425.811860799789,
mybatis@mybatis-3,steady,success,614.0084331035614,
EnterpriseQualityCoding@FizzBuzzEnterpriseEdition,steady,success,106.94452476501465,
medcl@elasticsearch-analysis-ik,steady,success,307.3811550140381,
alibaba@Sentinel,steady,failed,13998.968642950058,
prestodb@presto,steady,failed,7454.92444562912,
YunaiV@SpringBoot-Labs,steady,success,687.2143113613129,
justauth@JustAuth,steady,success,3702.7674589157104,
seaswalker@spring-analysis,steady,success,958.6523373126984,
sqshq@piggymetrics,steady,success,1975.0456993579865,
antlr@antlr4,steady,success,1829.4288437366486,
pagehelper@Mybatis-PageHelper,steady,success,500.98474621772766,
JakeWharton@ViewPagerIndicator,steady,success,118.84522676467896,
redis@jedis,steady,success,182.45955562591553,
clojure@clojure,steady,success,627.4086129665375,
Konloch@bytecode-viewer,steady,success,10843.155427217484,
jhy@jsoup,steady,success,37.40331315994263,
MyCATApache@Mycat-Server,steady,success,594.019581079483,
TooTallNate@Java-WebSocket,steady,success,36.33217096328735,
lihengming@spring-boot-api-project-seed,steady,success,468.414498090744,
junit-team@junit4,steady,success,36.93002247810364,
newbee-ltd@newbee-mall,steady,success,313.70694065093994,
stanfordnlp@CoreNLP,steady,success,1555.9930019378662,
hs-web@hsweb-framework,steady,success,1753.664011001587,
dromara@Sa-Token,steady,success,1381.377563714981,
NLPchina@elasticsearch-sql,steady,success,1305.3570852279663,
Angel-ML@angel,steady,failed,11849.131788015366,
NanoHttpd@nanohttpd,steady,success,395.14026641845703,
NLPchina@ansj_seg,steady,success,40.0373158454895,
JakeWharton@DiskLruCache,steady,success,15.630818843841553,
mrniko@netty-socketio,steady,success,1229.5789034366608,
knightliao@disconf,steady,success,2530.0875372886658,
flyway@flyway,steady,success,15710.711862325668,
bytedeco@javacv,steady,success,4743.1732132434845,
h2pl@Java-Tutorial,steady,success,76.76627111434937,
spring-projects@spring-petclinic,steady,success,255.59303879737854,
Trinea@android-common,steady,success,45.73265743255615,
spring-projects@spring-mvc-showcase,steady,success,165.31785368919373,
socketio@socket.io-client-java,steady,success,99.31143879890442,
JodaOrg@joda-time,steady,success,34.90401649475098,
quartz-scheduler@quartz,steady,success,2849.377269268036,
pentaho@pentaho-kettle,steady,failed,11030.108394861221,
frohoff@ysoserial,steady,success,5633.825028657913,
hyscale@hyscale,steady,failed,8714.236743450165,
niefy@wx-api,steady,failed,8721.101597070694,
quarkusio@quarkus-quickstarts,steady,failed,8751.207658052444,
kanjielu@jeeves,steady,success,2311.3849518299103,
qtc-de@remote-method-guesser,steady,success,129.85111904144287,
jagrosh@Vortex,steady,success,562.1002039909363,
ysrc@Liudao,steady,success,433.43870878219604,
wvengen@proguard-maven-plugin,steady,success,6191.5670692920685,
sendgrid@sendgrid-java,steady,success,637.2498714923859,
aberic@fabric-net-server,steady,success,6977.2256553173065,
jiaqi@jmxterm,steady,success,1112.6920688152313,
perfree@go-fastdfs-web,steady,success,1222.3780734539032,
daoshenzzg@socket-mqtt,steady,success,402.5658702850342,
spring-cloud@spring-cloud-security,steady,success,18642.234930753708,
code4craft@xsoup,steady,success,430.0139091014862,
vncorenlp@VnCoreNLP,steady,success,6956.7076535224915,
yahoo@HaloDB,steady,success,760.9666986465454,
google@allocation-instrumenter,steady,success,1246.1765077114105,
ata4@bspsrc,steady,success,443.82448172569275,
jagrosh@GiveawayBot,steady,success,222.54063820838928,
small-dream@China_Province_City,steady,success,57.98501682281494,
aalansehaiyang@Lock-Learning,steady,success,413.01229524612427,
anselleeyy@logistics-back,steady,success,2391.4400589466095,
aleksandr-m@gitflow-maven-plugin,steady,failed,1330.0200381278992,
Ardesco@Selenium-Maven-Template,steady,failed,6511.0815551280975,
bastillion-io@Bastillion-EC2,steady,failed,1437.2908160686493,
BNYMellon@spring-kata,steady,failed,1237.5355062484741,
sjsdfg@dl4j-tutorials,steady,failed,22291.02543091774,
korhner@asciimg,steady,success,405.7714126110077,
arnaudroger@SimpleFlatMapper,steady,success,180.2617266178131,
zhoumengkang@netty-restful-server,steady,success,543.5837903022766,
firebase@firebase-admin-java,steady,failed,4428.143223762512,
facebookarchive@linkbench,steady,failed,4567.304248571396,
jitsi@jigasi,steady,failed,4596.270214080811,
verhas@License3j,steady,failed,5238.649878740311,
DarLiner@vjtools,steady,success,61.33123826980591,
bitrich-info@xchange-stream,steady,failed,5415.816287517548,
jmeter-maven-plugin@jmeter-maven-plugin,steady,failed,556.9642245769501,
pac4j@play-pac4j,steady,failed,670.5560035705566,
mp911de@logstash-gelf,steady,failed,1170.9250285625458,
codefollower@H2-Research,steady,failed,1377.0845773220062,
Syncleus@aparapi,steady,failed,1453.6952676773071,
antlr@codebuff,steady,success,602.2860507965088,
fpj@zookeeper-book-example,steady,success,221.70604276657104,
nivance@image-similarity,steady,success,27.96495532989502,
forcedotcom@dataloader,steady,failed,6743.927159070969,
AuthMe@AuthMeReloaded,steady,failed,7072.1184203624725,
MilkBowl@Vault,steady,failed,6834.232866764069,
lgxqf@UICrawler,steady,failed,7281.039990186691,
Nepxion@Aquarius,steady,failed,7647.709119081497,
optimatika@ojAlgo,steady,success,545.1419024467468,
tcurdt@jdeb,steady,success,1233.0943806171417,
javadev@underscore-java,steady,success,151.3658435344696,
postaddictme@instagram-java-scraper,steady,failed,2219.026805639267,
gkcs@Competitive-Programming,steady,failed,2907.9953186511993,
kobeyk@Spring-Boot-Neo4j-Movies,steady,failed,3685.058020591736,
junneyang@xxproject,steady,failed,3702.8141038417816,
GoogleCloudPlatform@bank-of-anthos,steady,failed,3785.0929918289185,
projectdiscovery@nuclei-burp-plugin,steady,success,872.1821715831757,
longfeizheng@sso-merryyou,steady,failed,1014.1095914840698,
google@openrtb,steady,success,492.72242641448975,
twitter-archive@cloudhopper-smpp,steady,success,1381.6379251480103,
darrachequesne@spring-data-jpa-datatables,steady,success,1907.382414340973,
andreschaffer@event-sourcing-cqrs-examples,steady,success,1603.0605130195618,
finmath@finmath-lib,steady,success,288.4696092605591,
code-disaster@steamworks4j,steady,success,313.71354818344116,
nielsutrecht@jwt-angular-spring,steady,success,313.1240077018738,
duydo@elasticsearch-analysis-vietnamese,steady,success,3606.615040540695,
dessalines@torrenttunes-client,steady,success,4187.724028348923,
GaoLeiQin@SwordOffer,steady,success,209.78766107559204,
eclipse@eclipse-collections-kata,steady,failed,3282.1418495178223,
amigoscode@spring-data-jpa-course,steady,success,4423.079880237579,
medcl@elasticsearch-analysis-mmseg,steady,success,4478.51335644722,
TheKingOfDuck@MySQLMonitor,steady,success,232.83467435836792,
magro@kryo-serializers,steady,success,113.63148522377014,
hantsy@spring-webmvc-jwt-sample,steady,success,189.24154949188232,
fordes123@subtitles-view,steady,success,569.0825452804565,
vkostyukov@la4j,steady,success,28.68861222267151,
codefollower@Tomcat-Research,steady,success,306.3807883262634,
queer@utt,steady,success,513.3766098022461,
wmyskxz@MyBlog,steady,success,91.53218245506287,
AlfrescoArchive@activiti-examples,steady,success,1120.377961397171,
lior-k@fast-elasticsearch-vector-scoring,steady,success,505.8155596256256,
jexp@batch-import,steady,success,5502.474479675293,
rubenlagus@TelegramBotsExample,steady,success,99.27637481689453,
jsonld-java@jsonld-java,steady,success,46.13561010360718,
r2dbc@r2dbc-client,steady,success,914.933277130127,
nICEnnnnnnnLee@BilibiliLiveRecorder,steady,success,30.985578775405884,
zifangsky@WeatherSpider,steady,success,94.75561332702637,
huntresslabs@log4shell-tester,steady,success,61.72166419029236,
amigoscode@spring-boot-security-course,steady,success,85.5258162021637,
jklingsporn@vertx-jooq,steady,success,1248.504560470581,
paulc4@mvc-exceptions,steady,success,141.67156338691711,
FasterXML@jackson-modules-java8,steady,success,400.86832451820374,
spring-cloud-samples@configserver,steady,success,5396.062038421631,
tmobile@t-vault,steady,success,12.250986814498901,
decentralized-identity@universal-resolver,steady,success,446.5110273361206,
mguessan@davmail,steady,success,331.1201286315918,
ScienJus@spring-authorization-manager,steady,success,107.52312874794006,
c-guntur@java-katas,steady,success,52.46427512168884,
quickmsg@smqtt,steady,success,1160.1217019557953,
cucumber@cucumber-java-skeleton,steady,success,662.8004732131958,
codelibs@elasticsearch-taste,steady,success,1246.5090789794922,
jenkinsci@generic-webhook-trigger-plugin,steady,success,739.3081200122833,
RuedigerMoeller@kontraktor,steady,success,63.873761892318726,
cdk@cdk,steady,success,1152.7384493350983,
ihaolin@diablo,steady,success,576.3733596801758,
zsoltherpai@feather,steady,success,17.10160803794861,
leonoel@missionary,steady,success,1536.5536141395569,
ThreeTen@threeten-extra,steady,success,20.849008798599243,
mangstadt@ez-vcard,steady,success,43.46793842315674,
simlu@voxelshop,steady,success,546.2958738803864,
amazon-archives@amazon-kinesis-connectors,steady,success,1800.8212764263153,
etsy@statsd-jvm-profiler,steady,success,182.81200623512268,
andresoviedo@google-drive-ftp-adapter,steady,success,108.25387120246887,
awslabs@amazon-kinesis-scaling-utils,steady,success,294.942645072937,
EliMirren@VX-API-Gateway,steady,success,203.48189997673035,
spring-projects@spring-data-cassandra,steady,success,1000.1815717220306,
wuchong@flink-sql-submit,steady,success,12107.411670923233,
ThisIsLibra@AndroidProjectCreator,steady,success,48.43183135986328,
xuxueli@xxl-tool,steady,success,214.6785340309143,
mechero@spring-boot-testing-strategies,steady,success,62.98110294342041,
Asquera@elasticsearch-http-basic,steady,success,1022.4009952545166,
isopropylcyanide@Jwt-Spring-Security-JPA,steady,success,158.62218713760376,
yahoo@FEL,steady,success,1247.6710410118103,
righettod@poc-graphql,steady,success,334.31068873405457,
ikkisoft@SerialKiller,steady,success,29.796563863754272,
TownyAdvanced@Towny,steady,success,763.143744468689,
pivovarit@throwing-function,steady,success,95.10333681106567,
yangzongzhuan@RuoYi-Vue-fast,steady,success,402.3380916118622,
niezhiliang@springbootwebsocket,steady,success,53.74140524864197,
jenkinsci@email-ext-plugin,steady,success,491.5958888530731,
davidkiss@spring-boot-quartz-demo,steady,success,454.30342173576355,
sdaschner@jaxrs-analyzer,steady,success,64.16063642501831,
b@kafka-websocket,steady,success,222.3174111843109,
niumoo@bing-wallpaper,steady,success,11.003135681152344,
spring-petclinic@spring-framework-petclinic,steady,success,662.3896429538727,
FasterXML@jackson-dataformats-text,steady,success,56.931934118270874,
nyholku@purejavacomm,steady,success,12.644134998321533,
lucko@helper,steady,success,2016.604838848114,
trautonen@coveralls-maven-plugin,steady,success,298.11257314682007,
spotify@completable-futures,steady,success,51.11936140060425,
huaban@elasticsearch-analysis-jieba,steady,success,638.6205286979675,
acenelio@springboot2-ionic-backend,steady,success,5576.0421504974365,
CompassSecurity@SAMLRaider,steady,success,115.45147109031677,
openwms@org.openwms,steady,success,150.85476899147034,
jenkinsci@dingtalk-plugin,steady,success,257.6476855278015,
timboudreau@netty-http-client,steady,success,471.35128235816956,
opennars@opennars,steady,success,45.91254496574402,
opendedup@sdfs,steady,success,1427.2272984981537,
usethesource@rascal,steady,success,1939.588365316391,
EggsBlue@LuliChat,steady,success,1022.8190948963165,
fordfrog@apgdiff,steady,success,49.39965009689331,
ZeroWdd@studentmanager,steady,success,179.1702630519867,
spring-petclinic@spring-petclinic-rest,steady,success,656.0882651805878,
google@closure-stylesheets,steady,success,273.8857023715973,
a805748009@hxy-socket,steady,success,437.27648997306824,
FasterXML@jackson-module-jsonSchema,steady,success,71.59984946250916,
spring-cloud-samples@spring-cloud-gateway-sample,steady,success,363.46211075782776,
huanzi-qch@springBoot,steady,success,82.06516814231873,
adorsys@keycloak-config-cli,steady,success,579.7372462749481,
dee1024@housedb,steady,success,1083.8363234996796,
paultuckey@urlrewritefilter,steady,success,132.38653182983398,
Simmetrics@simmetrics,steady,success,54.45862674713135,
ua-parser@uap-java,steady,success,15.178913116455078,
hwding@pdf-unstamper,steady,success,12.804968118667603,
jeecgboot@autopoi,steady,failed,1885.583018064499,
spring-cloud@spring-cloud-task,steady,failed,38863.829025268555,
apache@commons-imaging,steady,success,314.98701643943787,
anthonyraymond@joal,steady,success,324.8759217262268,
chrisvest@stormpot,steady,success,106.82034111022949,
redkale@redkale,steady,success,108.81525778770447,
potats0@shiroPoc,steady,success,71.11650109291077,
fshutdown@JMeter-WebSocketSampler,steady,failed,6452.438156843185,
jenkinsci@warnings-ng-plugin,steady,failed,7388.593904018402,
kiegroup@kogito-runtimes,steady,failed,16944.76332139969,
pavelfatin@typometer,steady,success,153.94117760658264,
apache@commons-dbutils,steady,success,204.03056240081787,
kolorobot@spring-boot-thymeleaf,steady,success,962.9279124736786,
medcl@elasticsearch-analysis-stconvert,steady,success,191.36594367027283,
searls@jasmine-maven-plugin,steady,success,1944.424730539322,
TheHolyWaffle@TeamSpeak-3-Java-API,steady,success,229.3580822944641,
BNYMellon@CodeKatas,steady,success,2830.7403457164764,
alaisi@postgres-async-driver,steady,success,35.91986799240112,
aerogear@keycloak-metrics-spi,steady,success,2267.7074162960052,
bonigarcia@mastering-junit5,steady,success,1645.1951456069946,
ScaCap@spring-auto-restdocs,steady,success,25.84783172607422,
Progether@JAdventure,steady,success,35.980013847351074,
dadoonet@spring-elasticsearch,steady,success,928.934445142746,
smallsnail-wh@wh-server,steady,success,1480.8196392059326,
sofastack@sofa-rpc-boot-projects,steady,success,1399.109474182129,
ChenSen5@api_autotest,steady,success,275.3685140609741,
politrons@reactive,steady,success,10746.010930538177,
DraqueT@PolyGlot,steady,success,354.30610370635986,
