acogoluegnes@Spring-Batch-Workshop,snyk,success,0,
shunyang@spring-cloud-microservice-study,snyk,success,0,
apache@gora,snyk,success,0,
redhat-developer-demos@java-container,snyk,success,0,
openhab@openhab-core,snyk,success,0,
junneyang@xxproject,snyk,success,0,
wouterd@docker-maven-plugin,snyk,success,0,
splicemachine@spliceengine,snyk,success,0,
networknt@light-oauth2,snyk,success,0,
zhangxd1989@spring-boot-cloud,snyk,success,0,
jenkinsci@maven-hpi-plugin,snyk,success,0,
decentralized-identity@universal-resolver,snyk,success,0,
mploed@event-driven-spring-boot,snyk,success,0,
fangjian0423@rocketmq-binder-demo,snyk,success,0,
mwinteringham@restful-booker-platform,snyk,success,0,
JamesZBL@java_design_patterns,snyk,success,0,
yihonglei@thinking-in-spring,snyk,success,0,
aaronchen2k@ngtesting-platform,snyk,success,0,
quickmsg@smqtt,snyk,success,0,
spring-petclinic@spring-petclinic-cloud,snyk,success,0,
terrier-org@terrier-core,snyk,success,0,
sujee81@SparkApps,snyk,success,0,
kinow@testlink-java-api,snyk,success,0,
suisui2019@springboot-study,snyk,success,0,
piomin@sample-spring-oauth2-microservices,snyk,success,0,
johnlpage@POCDriver,snyk,success,0,
huanzi-qch@springBoot,snyk,success,0,
bohrqiu@watcher,snyk,success,0,
eiselems@spring-boot-microservices,snyk,success,0,
apache@maven-dependency-plugin,snyk,success,0,
perwendel@spark-template-engines,snyk,success,0,
apache@royale-compiler,snyk,success,0,
SpringCloud@spring-cloud-dubbo,snyk,success,0,
leader-us@Kubernetes_eShop,snyk,success,0,
Nepxion@Aquarius,snyk,success,0,
fayechenlong@plumelog,snyk,success,0,
xcesco@kripton,snyk,success,0,
lets-mica@mica-mqtt,snyk,success,0,
hyscale@hyscale,snyk,success,0,
rainbowda@learning,snyk,success,0,
leanstacks@skeleton-ws-spring-boot,snyk,success,0,
nobodyiam@spring-cloud-in-action,snyk,success,0,
BNYMellon@spring-kata,snyk,success,0,
eclipse@rdf4j,snyk,success,0,
RuedigerMoeller@kontraktor,snyk,success,0,
piomin@sample-spring-microservices-kubernetes,snyk,success,0,
longfeizheng@sso-merryyou,snyk,success,0,
semantic-systems@NLIWOD,snyk,success,0,
sofastack@sofa-tracer,snyk,success,0,
apache@cxf,snyk,success,0,
monodot@camel-demos,snyk,success,0,
SpringCloud@venus-cloud-feign,snyk,success,0,
shmilyah@spring-cloud-components,snyk,success,0,
malike@sso-auth,snyk,success,0,
la-team@lightadmin-springboot,snyk,success,0,
odota@parser,snyk,success,0,
everwatchsolutions@convergent-ui,snyk,success,0,
alejandro-du@vaadin-microservices-demo,snyk,success,0,
SonarSource@sonar-scanner-jenkins,snyk,success,0,
vert-x3@vertx-stack,snyk,success,0,
apache@joshua,snyk,success,0,
zifangsky@WebSocketDemo,snyk,success,0,
plaid@plaid-java,snyk,success,0,
peholmst@SpringSecurityDemo,snyk,success,0,
ZhongjunTian@spring-boot-jwt-demo,snyk,success,0,
baghelamit@iot-traffic-monitor,snyk,success,0,
protegeproject@protege,snyk,success,0,
longjiazuo@spring4.x-project,snyk,success,0,
hope-for@hope-cloud,snyk,success,0,
liangxiaobo@test-security-oauth2,snyk,success,0,
consulo@consulo,snyk,success,0,
litter-fish@transform,snyk,success,0,
aclement@spring-boot-graal-feature,snyk,success,0,
SmartDataAnalytics@DL-Learner,snyk,success,0,
bioinform@varsim,snyk,success,0,
jiwenxing@spring-boot-demo,snyk,success,0,
ontop@ontop,snyk,success,0,
uncodecn@uncode-dal-all,snyk,success,0,
guoliangdi@springcloudFeign,snyk,success,0,
openhab@org.openhab.binding.zigbee,snyk,success,0,
jenkinsci@role-strategy-plugin,snyk,success,0,
apache@incubator-retired-pirk,snyk,success,0,
suninformation@ymate-platform-v2,snyk,success,0,
superalsrk@cn.stackbox.archetypes,snyk,success,0,
kakawait@cas-security-spring-boot-starter,snyk,success,0,
zhuzhengping911@MySpringBoot,snyk,success,0,
shawntime@shawn-common-utils,snyk,success,0,
artipie@artipie,snyk,success,0,
zhangyingwei@cockroach,snyk,success,0,
bootsrc@distarch,snyk,success,0,
GeneralElectric@snowizard,snyk,success,0,
lexburner@zuul-gateway-demo,snyk,success,0,
dibbhatt@kafka-spark-consumer,snyk,success,0,
mahmoudparsian@data-algorithms-book,snyk,success,0,
jonsychen@rest-security-demo,snyk,success,0,
piomin@sample-spring-microservices-new,snyk,success,0,
javalite@javalite,snyk,success,0,
jenkinsci@generic-webhook-trigger-plugin,snyk,success,0,
jenkinsci@promoted-builds-plugin,snyk,success,0,
jenkinsci@msbuild-plugin,snyk,success,0,
jenkinsci@performance-plugin,snyk,success,0,
melin@super-diamond,snyk,success,0,
egzosn@pay-spring-boot-starter-parent,snyk,success,0,
jenkinsci@throttle-concurrent-builds-plugin,snyk,success,0,
jenkinsci@http-request-plugin,snyk,success,0,
sofastack@sofa-rpc-boot-projects,snyk,success,0,
pentaho@pdi-sdk-plugins,snyk,success,0,
YooYoungmo@article-tcc,snyk,success,0,
srikalyc@Sql4D,snyk,success,0,
cagataygurturk@lambadaframework,snyk,success,0,
ysrc@Liudao,snyk,success,0,
sunpeak@riskcontrol,snyk,success,0,
Bryceyao@activitiDemo,snyk,success,0,
rajithd@spring-boot-oauth2,snyk,success,0,
HiveRunner@HiveRunner,snyk,success,0,
carnellj@spmia-chapter2,snyk,success,0,
JamesZBL@db-hospital-drug,snyk,success,0,
MyBeany@mySpringBoot,snyk,success,0,
li5454yong@springboot-security-oauth2,snyk,success,0,
T-baby@ICERest,snyk,success,0,
jeffreyscarpenter@cassandra-guide,snyk,success,0,
rcandidosilva@spring-boot-multitenant,snyk,success,0,
ltlayx@SpringBoot-Ignite,snyk,success,0,
mgodave@barge,snyk,success,0,
liuyangming@ByteJTA,snyk,success,0,
jenkinsci@amazon-ecs-plugin,snyk,success,0,
jenkinsci@gitea-plugin,snyk,success,0,
jenkinsci@slack-plugin,snyk,success,0,
jenkinsci@github-oauth-plugin,snyk,success,0,
jenkinsci@gitlab-plugin,snyk,success,0,
jenkinsci@subversion-plugin,snyk,success,0,
jenkinsci@stashnotifier-plugin,snyk,success,0,
jenkinsci@ec2-plugin,snyk,success,0,
jenkinsci@gogs-webhook-plugin,snyk,success,0,
rafadelnero@javachallengers,snyk,success,0,
jenkinsci@build-failure-analyzer-plugin,snyk,success,0,
jenkinsci@cobertura-plugin,snyk,success,0,
jenkinsci@htmlpublisher-plugin,snyk,success,0,
jenkinsci@lockable-resources-plugin,snyk,success,0,
jenkinsci@workflow-multibranch-plugin,snyk,success,0,
jenkinsci@ansicolor-plugin,snyk,success,0,
jenkinsci@qy-wechat-notification-plugin,snyk,success,0,
jenkinsci@chucknorris-plugin,snyk,success,0,
apache@maven-shade-plugin,snyk,success,0,
aberic@fabric-net-server,snyk,success,0,
algaworks@ebook-spring-boot,snyk,success,0,
svlada@springboot-security-jwt,snyk,success,0,
analysys@presto-hbase-connector,snyk,success,0,
sannidhi@tdd-boot-demo,snyk,success,0,
eclab@mason,snyk,success,0,
pofuchenzhou@netty-spring-game,snyk,success,0,
Bluelock@camel-spring-amqp,snyk,success,0,
jfaster@mango,snyk,success,0,
Atmosphere@atmosphere-extensions,snyk,success,0,
datastax@dynamo-cassandra-proxy,snyk,success,0,
VanRoy@spring-data-jest,snyk,success,0,
Byron4j@CookBook,snyk,success,0,
Programming-With-Love@dbys,snyk,success,0,
graylog-labs@graylog-plugin-slack,snyk,success,0,
graylog-labs@graylog-plugin-spaceweather,snyk,success,0,
QiuMing@zhihuWebSpider,snyk,success,0,
gustavoponce7@SpringSecurityLoginTutorial,snyk,success,0,
zscott@MultiBitExchange,snyk,success,0,
leanstacks@spring-boot-fundamentals,snyk,success,0,
politrons@reactive,snyk,success,0,
philwebb@testing-spring-boot-applications,snyk,success,0,
mthizo247@spring-cloud-netflix-zuul-websocket,snyk,success,0,
reljicd@spring-boot-blog,snyk,success,0,
reljicd@spring-boot-shopping-cart,snyk,success,0,
dogeared@OZorkAuth,snyk,success,0,
daniel-cottone@Cerberus,snyk,success,0,
aboullaite@spring-boot-jwt,snyk,success,0,
phuonglh@vn.vitk,snyk,success,0,
armzilla@amazon-echo-ha-bridge,snyk,success,0,
pires@obd-server,snyk,success,0,
ZhongjunTian@spring-repository-plus,snyk,success,0,
yiqisoft@SparkToParquet,snyk,success,0,
davidkiss@spring-boot-quartz-demo,snyk,success,0,
jantent@springbootRedis,snyk,success,0,
deepspark@deepspark,snyk,success,0,
nurkiewicz@download-server,snyk,success,0,
yangjiechina@JGB28181,snyk,success,0,
actframework@actframework,snyk,success,0,
arnaudroger@SimpleFlatMapper,snyk,success,0,
spring-projects@spring-hateoas,snyk,success,0,
vaadin@flow-crm-tutorial,snyk,success,0,
spring-cloud@spring-cloud-skipper,snyk,success,0,
qtc-de@beanshooter,snyk,success,0,
spring-projects@spring-data-rest,snyk,success,0,
simplesteph@kafka-streams-course,snyk,success,0,
ihaolin@diablo,snyk,success,0,
joshsh@ripple,snyk,success,0,
rwinch@spring-security51-by-example-reactive,snyk,success,0,
jzheaux@springone2019,snyk,success,0,
shuzheng@spring-cloud-alibaba-demo,snyk,success,0,
anselleeyy@logistics-back,snyk,success,0,
neven7@WeTest,snyk,success,0,
dee1024@housedb,snyk,success,0,
alonsegal@springboot-schema-per-tenant,snyk,success,0,
coder-yqj@springboot-shiro,snyk,success,0,
DigAg@digag-server,snyk,success,0,
vatri@spring-rest-ecommerce,snyk,success,0,
dee1024@sloth,snyk,success,0,
ozlerhakan@mongolastic,snyk,success,0,
k55k32@cms-admin-end,snyk,success,0,
CODAIT@stocator,snyk,success,0,
wmeints@spring-multi-tenant-demo,snyk,success,0,
apssouza22@lambda-arch,snyk,success,0,
in28minutes@SpringBootWebApplicationStepByStep,snyk,success,0,
simonbasle@practicalRx,snyk,success,0,
only2dhir@spring-boot-security-oauth2,snyk,success,0,
vector4wang@elasticsearch-quick,snyk,success,0,
zhangtr@canal-mongo,snyk,success,0,
chujianyun@Spring-MultiRequestBody,snyk,success,0,
majianzheng@jarboot,snyk,success,0,
tomoya92@pybbs,snyk,success,0,
sjr7@seckill,snyk,success,0,
GSLabDev@pepper-box,snyk,success,0,
FX-HAO@keycloak-phone-authenticator,snyk,success,0,
fshutdown@JMeter-WebSocketSampler,snyk,success,0,
jbehave@jbehave-tutorial,snyk,success,0,
dialogflow@dialogflow-java-client,snyk,success,0,
duhanmin@kafka-flink-hbase,snyk,success,0,
BBLLMYD@netty-stroll,snyk,success,0,
spring-cloud@spring-cloud-cli,snyk,success,0,
eelyvy@log4jshell-pdf,snyk,success,0,
yahoo@FEL,snyk,success,0,
nimarion@promcord,snyk,success,0,
ContainX@openstack4j,snyk,success,0,
noear@solon,snyk,success,0,
yuequan1997@watchdog-spring-boot-starter,snyk,success,0,
shunfei@DCMonitor,snyk,success,0,
scipr-lab@dizk,snyk,success,0,
henryyan@activiti-study,snyk,success,0,
sjr7@wenda,snyk,success,0,
wanwujiedao@spring-boot-starter-canal,snyk,success,0,
jxnu-liguobin@blog,snyk,success,0,
smallsnail-wh@wh-server,snyk,success,0,
IQSS@dataverse,snyk,success,0,
m4rciosouza@ponto-inteligente-api,snyk,success,0,
acenelio@spring-boot-ionic-backend,snyk,success,0,
tuanngda@spring-boot-oauth2-demo,snyk,success,0,
robinhowlett@everything-ssl,snyk,success,0,
in28minutes@docker,snyk,success,0,
kobeyk@Spring-Boot-Neo4j-Movies,snyk,success,0,
269941633@spring-boot-mybatis-mysql-write-read,snyk,success,0,
huzhicheng@kite-mybatis-builder,snyk,success,0,
winterbe@github-matrix,snyk,success,0,
righettod@poc-graphql,snyk,success,0,
pcan@feign-client-test,snyk,success,0,
bingohuang@spring-boot-docker,snyk,success,0,
djdjalas@SpringBootIn50,snyk,success,0,
qqxx6661@springboot-websocket-demo,snyk,success,0,
zonaut@keycloak-extensions,snyk,success,0,
spring-guides@tut-spring-boot-oauth2,snyk,success,0,
sniffy@sniffy,snyk,success,0,
Loadium@postman2jmx,snyk,success,0,
jenkinsci@acceptance-test-harness,snyk,success,0,
ScaCap@spring-auto-restdocs,snyk,success,0,
ICIJ@node-tika,snyk,success,0,
dgarijo@Widoco,snyk,success,0,
spaceraccoon@spring-boot-actuator-h2-rce,snyk,success,0,
adlered@bolo-solo,snyk,success,0,
dromara@forest,snyk,success,0,
mnadeem@boot-opentelemetry-tempo,snyk,success,0,
salyh@elasticsearch-imap,snyk,success,0,
cbilgili@zemberek-nlp-server,snyk,success,0,
spotify@hdfs2cass,snyk,success,0,
ehiggs@spark-terasort,snyk,success,0,
adrianulbona@osm-parquetizer,snyk,success,0,
apache@roller,snyk,success,0,
niefy@wx-api,snyk,success,0,
codecentric@cxf-spring-boot-starter,snyk,success,0,
MagicZer0@fastjson-rce-exploit,snyk,success,0,
HowookJeong@elasticsearch-analysis-arirang,snyk,success,0,
senbox-org@s2tbx,snyk,success,0,
njfox@Java-Deserialization-Exploit,snyk,success,0,
Nepxion@Matrix,snyk,success,0,
veracode-research@actuator-testbed,snyk,success,0,
codingmiao@ngineureka,snyk,success,0,
sebastienblanc@spring-boot-keycloak-tutorial,snyk,success,0,
root-wyj@springboot_im,snyk,success,0,
talk2amareswaran@spring-boot2-oauth2-auth-server-jwt-mysql,snyk,success,0,
Smith-Cruise@Spring-Boot-Shiro,snyk,success,0,
jahe@spring-boot-multiple-datasources,snyk,success,0,
devdojobr@springboot-essentials,snyk,success,0,
yangwenjie88@delay-queue,snyk,success,0,
boylegu@SpringBoot-vue,snyk,success,0,
lishuo9527@MybatisGenerator-UI,snyk,success,0,
acenelio@springboot2-ionic-backend,snyk,success,0,
linux-china@spring-boot-starter-redisson,snyk,success,0,
sumanentc@multitenant,snyk,success,0,
elodina@dropwizard-kafka-http,snyk,success,0,
zifangsky@WeatherSpider,snyk,success,0,
Lovelcp@spring-boot-mybatis-with-redis,snyk,success,0,
swwheihei@wvp-GB28181,snyk,success,0,
BekeyChao@spring-vue-demo,snyk,success,0,
monkeyk@spring-oauth-server,snyk,success,0,
eBay@embedded-druid,snyk,success,0,
amazon-archives@aws-apigateway-importer,snyk,success,0,
dolyw@ShiroJwt,snyk,success,0,
kolorobot@spring-mvc-quickstart-archetype,snyk,success,0,
TongxiJi@shadowsocks-java,snyk,success,0,
hakdogan@jenkins-pipeline,snyk,success,0,
kanjielu@jeeves,snyk,success,0,
huija@bicycleSharingServer,snyk,success,0,
MaxLeap@vertx-rpc,snyk,success,0,
FenixEdu@fenixedu-academic,snyk,success,0,
hannesstockner@kafka-connect-elasticsearch,snyk,success,0,
shzlw@poli,snyk,success,0,
SpoonLabs@coming,snyk,success,0,
bootsrc@containerx,snyk,success,0,
MangoAutomation@ma-core-public,snyk,success,0,
vipshop@vjtools,snyk,success,0,
dsyer@spring-boot-allocations,snyk,success,0,
perfree@go-fastdfs-web,snyk,success,0,
seansegal@tincisnotcatan,snyk,success,0,
raydac@mvn-golang,snyk,success,0,
nicho92@MtgDesktopCompanion,snyk,success,0,
spring-projects-experimental@spring-cloud-sleuth-otel,snyk,success,0,
qwazer@scheme2ddl,snyk,success,0,
zhongchengxcr@canal-elasticsearch,snyk,success,0,
jgperrin@net.jgp.labs.spark,snyk,success,0,
binarywang@weixin-java-miniapp-demo,snyk,success,0,
ZimoLoveShuang@wisedu-unified-login-api,snyk,success,0,
intuit@maven-build-scanner,snyk,success,0,
apache@avro,snyk,success,0,
javaterminal@cloudterm,snyk,success,0,
liaochong@myexcel,snyk,success,0,
padeoe@nju-lib-downloader,snyk,success,0,
yeriomin@token-dispenser,snyk,success,0,
Nepxion@DiscoveryGuide,snyk,success,0,
piomin@sample-istio-services,snyk,success,0,
dessalines@torrenttunes-client,snyk,success,0,
mojohaus@versions-maven-plugin,snyk,success,0,
liuzhibin-cn@address-semantic-search,snyk,success,0,
su18@JDBC-Attack,snyk,success,0,
reachkrishnaraj@kafka-elasticsearch-standalone-consumer,snyk,success,0,
spring-cloud@spring-cloud-stream-binder-aws-kinesis,snyk,success,0,
synchronoss@nio-multipart,snyk,success,0,
apache@maven-archetype,snyk,success,0,
yujiasun@Distributed-Kit,snyk,success,0,
NLPIR-team@nlpir-analysis-cn-ictclas,snyk,success,0,
crossoverJie@distributed-redis-tool,snyk,success,0,
aleksandr-m@gitflow-maven-plugin,snyk,success,0,
elasticfence@elasticsearch-http-user-auth,snyk,success,0,
dbgee@log4j2_rce,snyk,success,0,
jclagache@spring-data-mybatis,snyk,success,0,
BNYMellon@CodeKatas,snyk,success,0,
education-service@speech-mfcc,snyk,success,0,
geosolutions-it@jai-ext,snyk,success,0,
ef-labs@vertx-jersey,snyk,success,0,
gwallet@keycloak-sms-authenticator,snyk,success,0,
tiankong0310@springboot-weixin-alipay,snyk,success,0,
IBM@spring-cloud-kubernetes-with-istio,snyk,success,0,
luontola@cqrs-hotel,snyk,success,0,
msanez@sonar-branch-community,snyk,success,0,
line@line-login-starter,snyk,success,0,
drucoder@sweater,snyk,success,0,
paulc4@mvc-exceptions,snyk,success,0,
nielsutrecht@jwt-angular-spring,snyk,success,0,
wean2016@springsecurity,snyk,success,0,
petterobam@html2file,snyk,success,0,
authlete@spring-oauth-server,snyk,success,0,
dl4s@dl4s,snyk,success,0,
ZapBlasterson@crushpaper,snyk,success,0,
HowieYuan@easyexcel-encapsulation,snyk,success,0,
albanoj2@order-rest-backend,snyk,success,0,
okayrunner@spring-security-passwordless,snyk,success,0,
dakuohao@api-doc,snyk,success,0,
larger5@SpringBoot_SpringSecurity,snyk,success,0,
JourWon@httpclientutil,snyk,success,0,
donglight@bookstore,snyk,success,0,
danielfernandez@reactive-matchday,snyk,success,0,
chanjarster@activiti-learn,snyk,success,0,
signalapp@BitHub,snyk,success,0,
Yubico@yubico-java-client,snyk,success,0,
eBay@parallec,snyk,success,0,
kongchen@swagger-maven-plugin,snyk,success,0,
psidnell@ofexport2,snyk,success,0,
bazaarvoice@dropwizard-configurable-assets-bundle,snyk,success,0,
dromara@Jinx,snyk,success,0,
Doccrazy@keycloak-protocol-cas,snyk,success,0,
Anchormen@sql4es,snyk,success,0,
internetitem@logback-elasticsearch-appender,snyk,success,0,
Nepxion@EventBus,snyk,success,0,
mongobee@mongobee,snyk,success,0,
spring-attic@aws-maven,snyk,success,0,
cescoffier@vertx-completable-future,snyk,success,0,
chanjarster@weixin-java-tools,snyk,success,0,
Ramos-dev@OSSTunnel,snyk,success,0,
jgrandja@spring-security-oauth-2-4-migrate,snyk,success,0,
Stratio@stratio-connector-cassandra,snyk,success,0,
solita@clamav-rest,snyk,success,0,
wildfirechat@push_server,snyk,success,0,
spotify@bigtable-autoscaler,snyk,success,0,
kiegroup@kogito-runtimes,snyk,success,0,
csfwff@rhythm,snyk,success,0,
soyojoearth@nxtframework,snyk,success,0,
spring-cloud-samples@configserver,snyk,success,0,
mauricioaniche@repodriller,snyk,success,0,
cryptomator@cli,snyk,success,0,
awslabs@amazon-kinesis-scaling-utils,snyk,success,0,
facebookarchive@linkbench,snyk,success,0,
smartrics@RestFixture,snyk,success,0,
tsegismont@vertx-musicstore,snyk,success,0,
mmolimar@kafka-connect-fs,snyk,success,0,
nlighten@tomcat_exporter,snyk,success,0,
keedio@flume-ng-sql-source,snyk,success,0,
fmtn@a,snyk,success,0,
bfwg@springboot-jwt-starter,snyk,success,0,
c0ny1@FastjsonExploit,snyk,success,0,
EliMirren@VX-API-Gateway,snyk,success,0,
EggsBlue@LuliChat,snyk,success,0,
bkielczewski@example-spring-mvc-jetty,snyk,success,0,
matsim-org@matsim-example-project,snyk,success,0,
smmdwa@CronMan,snyk,success,0,
leiguorui@Netty-SpringMVC,snyk,success,0,
aliyun@elasticsearch-repository-oss,snyk,success,0,
mbax@VanishNoPacket,snyk,success,0,
uncodecn@uncode-schedule,snyk,success,0,
pyloque@captain,snyk,success,0,
ksfzhaohui@shadowsocks-netty,snyk,success,0,
ksfzhaohui@shadowsocks-netty-server,snyk,success,0,
personium@personium-core,snyk,success,0,
Red5@red5-websocket,snyk,success,0,
tolbertam@sstable-tools,snyk,success,0,
depycode@fastjson-c3p0,snyk,success,0,
eh3rrera@minitwit,snyk,success,0,
DiscordSRV@DiscordSRV,snyk,success,0,
gmmstrive@flink-connector-clickhouse,snyk,success,0,
GeyserMC@GeyserConnect,snyk,success,0,
P7h@StormTweetsSentimentAnalysis,snyk,success,0,
cambecc@grib2json,snyk,success,0,
InventivetalentDev@PacketListenerAPI,snyk,success,0,
aalansehaiyang@Lock-Learning,snyk,success,0,
aalansehaiyang@sort-algorithm,snyk,success,0,
JMCuixy@SpringWebSocket,snyk,success,0,
SonarSource@sonar-scanner-cli,snyk,success,0,
AuthMe@AuthMeReloaded,snyk,success,0,
jexp@batch-import,snyk,success,0,
dzr1990@helloNetty,snyk,success,0,
beyondfengyu@DistributedID,snyk,success,0,
AgilData@mesos-docker-tutorial,snyk,success,0,
lujiang-wed@wed-job,snyk,success,0,
metanet@p2p,snyk,success,0,
xpinjection@test-driven-spring-boot,snyk,success,0,
NetherlandsForensicInstitute@kafka-spout,snyk,success,0,
ysc@word,snyk,success,0,
DarLiner@vjtools,snyk,success,0,
Ardesco@driver-binary-downloader-maven-plugin,snyk,success,0,
deanveloper@SkullCreator,snyk,success,0,
DirtPowered@DirtMultiversion,snyk,success,0,
Lukkit@Lukkit,snyk,success,0,
springframeworkguru@gof,snyk,success,0,
hiwepy@disruptor-spring-boot-starter,snyk,success,0,
s3-wagon-private@s3-wagon-private,snyk,success,0,
fergarrui@custom-bytecode-analyzer,snyk,success,0,
MyCATApache@Mycat-NIO,snyk,success,0,
DeepCompute@cnn,snyk,success,0,
INRIA@spoon,snyk,success,0,
amazon-archives@amazon-kinesis-connectors,snyk,success,0,
Code-Chen@CourseSchedulingSystem,snyk,success,0,
amazon-archives@aws-dynamodb-session-tomcat,snyk,success,0,
apache@juneau,snyk,success,0,
sunitk@multitenancy-dynamic-tenant,snyk,success,0,
cxplan@CXTouch,snyk,success,0,
JMRI@JMRI,snyk,success,0,
ghillert@botanic-ng,snyk,success,0,
piomin@sample-spring-blockchain,snyk,success,0,
ZeroWdd@studentmanager,snyk,success,0,
only2dhir@spring-security-jwt,snyk,success,0,
isopropylcyanide@Jwt-Spring-Security-JPA,snyk,success,0,
graphaware@neo4j-to-elasticsearch,snyk,success,0,
MichelliBrito@produtos-apirest,snyk,success,0,
Shurlormes@Activiti,snyk,success,0,
fabric8io@elasticsearch-cloud-kubernetes,snyk,success,0,
cassiomolin@jersey-jwt,snyk,success,0,
shiyujun@spring-framework,snyk,success,0,
echisan@springboot-jwt-demo,snyk,success,0,
jsanhuo@HotelManagementSystem,snyk,success,0,
wmyskxz@MyBlog,snyk,success,0,
sjsdfg@dl4j-tutorials,snyk,success,0,
opsxcq@tasker,snyk,success,0,
WinterChenS@springboot2-mybatis-demo,snyk,success,0,
ethendev@wopihost,snyk,success,0,
mechero@spring-boot-cucumber,snyk,success,0,
wangguobo@demo-spring-webflux-api-gateway,snyk,success,0,
idugalic@reactive-company,snyk,success,0,
YeautyYE@train-ticket-reaper,snyk,success,0,
niezhiliang@springbootwebsocket,snyk,success,0,
etsy@statsd-jvm-profiler,snyk,success,0,
Zealon159@book-ms-interface,snyk,success,0,
burrsutter@vertx-game-server,snyk,success,0,
Icemap@MapServer,snyk,success,0,
szvone@Vmq,snyk,success,0,
springframeworkguru@spring5-recipe-app,snyk,success,0,
Jawf@DataX-Migration,snyk,success,0,
instruritesh@ZStreamingQuote,snyk,success,0,
jpomykala@spring-higher-order-components,snyk,success,0,
puhaiyang@flowable-springboot,snyk,success,0,
helloflygit@springboot-quartz,snyk,success,0,
wephone@MeiZhuoRPC,snyk,success,0,
mongodb-labs@hvdf,snyk,success,0,
Activiti@activiti-unit-test-template,snyk,success,0,
muldon@CROKAGE-replication-package,snyk,success,0,
lookingatstarts@easyIdGenerator,snyk,success,0,
rnewson@couchdb-lucene,snyk,success,0,
kekingcn@spring-boot-klock-starter,snyk,success,0,
WeBankPartners@wecube-plugins-service-management,snyk,success,0,
usnistgov@MIST,snyk,success,0,
Swagger2Markup@swagger2markup-maven-plugin,snyk,success,0,
EalenXie@springboot-quartz-simple,snyk,success,0,
xandone@wcdog,snyk,success,0,
monitorjbl@json-view,snyk,success,0,
codeforkjeff@conciliator,snyk,success,0,
huntresslabs@log4shell-tester,snyk,success,0,
eivindveg@HotSUploader,snyk,success,0,
jgrandja@spring-security-oauth-5-2-migrate,snyk,success,0,
Pablissimo@SonarTsPlugin,snyk,success,0,
hf200012@oceanus.bi,snyk,success,0,
zalopay-oss@jmeter-grpc-request,snyk,success,0,
snowflakedb@snowflake-jdbc,snyk,success,0,
ChenSen5@api_autotest,snyk,success,0,
ome@bioformats,snyk,success,0,
tbroyer@gwt-maven-archetypes,snyk,success,0,
toolbox4minecraft@amidst,snyk,success,0,
sea-boat@TextAnalyzer,snyk,success,0,
hongwen1993@fast-drools-spring-boot-starter,snyk,success,0,
dragome@dragome-sdk,snyk,success,0,
aerogear@keycloak-metrics-spi,snyk,success,0,
uartois@sonar-golang,snyk,success,0,
springframeworkguru@springbootwebapp,snyk,success,0,
igniterealtime@Openfire,snyk,success,0,
rayokota@hgraphdb,snyk,success,0,
lyogavin@Pistachio,snyk,success,0,
amigoscode@software-testing,snyk,success,0,
jeecgboot@autopoi,snyk,success,0,
medallia@Word2VecJava,snyk,success,0,
b@kafka-websocket,snyk,success,0,
shayaantx@botdarr,snyk,success,0,
secdec@attack-surface-detector-burp,snyk,success,0,
BranislavLazic@spring-thymeleaf-pagination,snyk,success,0,
thomasdarimont@keycloak-health-checks,snyk,success,0,
keedio@flume-ftp-source,snyk,success,0,
iriusrisk@zap-webdriver,snyk,success,0,
luoye663@e5,snyk,success,0,
Ramos-dev@graph4code,snyk,success,0,
bezkoder@spring-boot-security-jwt-auth-mongodb,snyk,success,0,
MichelliBrito@agendalive,snyk,success,0,
slimina@thrift-zookeeper-rpc,snyk,success,0,
fraktalio@order-demo,snyk,success,0,
imadcn@idworker,snyk,success,0,
promregator@promregator,snyk,success,0,
orientechnologies@orientdb,snyk,success,0,
AzureAD@azure-activedirectory-library-for-java,snyk,success,0,
SonarSource@sonar-scanner-maven,snyk,success,0,
tipsy@spark-websocket,snyk,success,0,
xuanbg@gateway,snyk,success,0,
tls-attacker@TLS-Scanner,snyk,success,0,
a805748009@hxy-socket,snyk,success,0,
daniel-frak@keycloak-user-migration,snyk,success,0,
TaleLin@lin-cms-spring-boot,snyk,success,0,
jiaqi@jmxterm,snyk,success,0,
bwssytems@ha-bridge,snyk,success,0,
100cm@thunder,snyk,success,0,
GuillaumeFalourd@java-training-api,snyk,success,0,
liquibase@liquigraph,snyk,success,0,
muxiangqiu@multitenant,snyk,success,0,
jprante@elasticsearch-skywalker,snyk,success,0,
simplesteph@ec2-masterclass-sampleapp,snyk,success,0,
yegor256@takes,snyk,success,0,
GIScience@oshdb,snyk,success,0,
sirensolutions@siren-join,snyk,success,0,
hooj0@sensitive-words-filter,snyk,success,0,
ZhangJiupeng@AgentX,snyk,success,0,
songgeb@BDIndexSpider,snyk,success,0,
whiskels@NotifierBot,snyk,success,0,
Archy-X@AureliumSkills,snyk,success,0,
CycloneDX@cyclonedx-maven-plugin,snyk,success,0,
jenkinsci@ssh-steps-plugin,snyk,success,0,
ysc@search,snyk,success,0,
jwpttcg66@redis-game-transaction,snyk,success,0,
thulab@tsfile,snyk,success,0,
swagger-api@swagger-inflector,snyk,success,0,
srdc@ontmalizer,snyk,success,0,
codefollower@H2-Research,snyk,success,0,
Zerounary@APIJSONParser,snyk,success,0,
jenkinsci@parameterized-trigger-plugin,snyk,success,0,
sofastack@sofa-common-tools,snyk,success,0,
realrolfje@anonimatron,snyk,success,0,
wmz7year@Thrift-Connection-Pool,snyk,success,0,
zsoltherpai@feather,snyk,success,0,
wmixvideo@nfe,snyk,success,0,
libsgh@tieba-api,snyk,success,0,
wmr513@reactive,snyk,success,0,
zJiaJun@adult-download,snyk,success,0,
qqxx6661@logRecord,snyk,success,0,
CloudburstMC@ProxyPass,snyk,success,0,
trautonen@coveralls-maven-plugin,snyk,success,0,
bells@elasticsearch-analysis-dynamic-synonym,snyk,success,0,
redtimmy@Richsploit,snyk,success,0,
snicoll@demo-multi-entity-managers,snyk,success,0,
jexp@neo4j-shell-tools,snyk,success,0,
lyrric@seckill,snyk,success,0,
dyingbleed@g-rule,snyk,success,0,
ScienJus@spring-redis-mq,snyk,success,0,
BentoBoxWorld@BentoBox,snyk,success,0,
tigerge000@sonar-java-custom-rules,snyk,success,0,
guoliao502@crypto,snyk,success,0,
LiveOverflow@log4shell,snyk,success,0,
jakartaee@rest,snyk,success,0,
potats0@shiroPoc,snyk,success,0,
sanity@quickml,snyk,success,0,
sing1ee@dict_build,snyk,success,0,
qtc-de@remote-method-guesser,snyk,success,0,
oldmanpushcart@laser,snyk,success,0,
ysc@jsearch,snyk,success,0,
elastic@elasticsearch-metrics-reporter-java,snyk,success,0,
kumuluz@kumuluzee,snyk,success,0,
weiqingwen@spring-boot-forum,snyk,success,0,
RameshMF@registration-login-springboot-security-thymeleaf,snyk,success,0,
SoftwareKing@spring-cloud-gateway-nacos,snyk,success,0,
huan-xi@blockchainj,snyk,success,0,
RameshMF@todo-management-spring-boot,snyk,success,0,
cosen1024@community,snyk,success,0,
TyCoding@springboot-seckill,snyk,success,0,
ToastShaman@dropwizard-auth-jwt,snyk,success,0,
citusdata@podyn,snyk,success,0,
neo4j-contrib@rabbithole,snyk,success,0,
xsank@Shour,snyk,success,0,
gujiniCY@mayday,snyk,success,0,
Motianshi@all-search,snyk,success,0,
RDFstar@RDFstarTools,snyk,success,0,
linyu19872008@cdeer-im,snyk,success,0,
imaginalis@spring-boot-fcm-push-notifications,snyk,success,0,
zyf970617@mybatis-auto-create-table,snyk,success,0,
FreeeBird@hotel,snyk,success,0,
pyloque@shardino,snyk,success,0,
ZimoLoveShuang@DouYinVideoCrawler,snyk,success,0,
liangbaika@validate,snyk,success,0,
hyberbin@J-Excel,snyk,success,0,
louislivi@fastdep,snyk,success,0,
TaXueWWL@snowalker-shardingjdbc-demo,snyk,success,0,
versly@wsdoc,snyk,success,0,
amazon-archives@dynamodb-import-export-tool,snyk,success,0,
amazon-archives@kinesis-log4j-appender,snyk,success,0,
mooodo@demo-service2-support,snyk,success,0,
Mretron@MyBlogWebSite,snyk,success,0,
kubadlo@jwt-security,snyk,success,0,
raphaelDL@spring-webflux-security-jwt,snyk,success,0,
HWYWL@uccn,snyk,success,0,
apache@rocketmq-exporter,snyk,success,0,
szvone@imgApiJava,snyk,success,0,
amigoscode@spring-boot-essentials,snyk,success,0,
takari@takari-maven-plugin,snyk,success,0,
howtographql@graphql-java,snyk,success,0,
gui66497@esdatatool,snyk,success,0,
givanthak@spring-boot-rest-api-tutorial,snyk,success,0,
jvm-operators@abstract-operator,snyk,success,0,
koushikkothagal@spring-security-jpa,snyk,success,0,
ddssingsong@webrtc_server_java,snyk,success,0,
amigoscode@spring-s3-react-file-upload,snyk,success,0,
ishuibo@rsa-encrypt-body-spring-boot,snyk,success,0,
tarql@tarql,snyk,success,0,
jamesjieye@netty-socketio.spring,snyk,success,0,
oci-pronghorn@GreenLightning,snyk,success,0,
stevenkang@model-lib,snyk,success,0,
koushikkothagal@spring-boot-security,snyk,success,0,
adlered@Picuang,snyk,success,0,
phoenixnap@springmvc-raml-plugin,snyk,success,0,
agiledon@payroll-ddd,snyk,success,0,
mechero@spring-boot-rest-exceptions,snyk,success,0,
yevheniyJ@springboot,snyk,success,0,
muggle0@poseidon-boot-starter,snyk,success,0,
qubole@presto-udfs,snyk,success,0,
apache@jspwiki,snyk,success,0,
apache@myfaces,snyk,success,0,
vgrazi@JavaConcurrentAnimatedReboot,snyk,success,0,
tmobile@t-vault,snyk,success,0,
neo4j-labs@neosemantics,snyk,success,0,
RawSanj@spring-redis-websocket,snyk,success,0,
koushikkothagal@ipl-dashboard,snyk,success,0,
petterobam@database-oop,snyk,success,0,
sputnikdev@bluetooth-gatt-parser,snyk,success,0,
tdunning@anomaly-detection,snyk,success,0,
pentaho@pentaho-metadata,snyk,success,0,
jmxtrans@embedded-jmxtrans,snyk,success,0,
alimate@errors-spring-boot-starter,snyk,success,0,
cantaloupe-project@cantaloupe,snyk,success,0,
microsoft@Availability-Monitor-for-Kafka,snyk,success,0,
arey@java-object-mapper-benchmark,snyk,success,0,
searls@jasmine-maven-plugin,snyk,success,0,
sebarmeli@Selenium2-Java-QuickStart-Archetype,snyk,success,0,
spring-cloud@spring-cloud-function,snyk,success,0,
jenkinsci@warnings-ng-plugin,snyk,success,0,
jenkinsci@code-coverage-api-plugin,snyk,success,0,
valfirst@jbehave-junit-runner,snyk,success,0,
lukaszlenart@launch4j-maven-plugin,snyk,success,0,
ASoulCnki@ASoulCnkiBackend,snyk,success,0,
apache@wicket,snyk,success,0,
openhab@org.openhab.binding.zwave,snyk,success,0,
BenjaminFavre@keycloak-apple-social-identity-provider,snyk,success,0,
mpusher@alloc,snyk,success,0,
callicoder@spring-boot-actuator-demo,snyk,success,0,
banmajio@RTSPtoHTTP-FLV,snyk,success,0,
veracode-research@spring-view-manipulation,snyk,success,0,
pairlearning@expense-tracker-api,snyk,success,0,
RameshMF@springboot-thymeleaf-crud-pagination-sorting-webapp,snyk,success,0,
ganskef@LittleProxy-mitm,snyk,success,0,
RameshMF@registration-login-spring-boot-security-thymeleaf-hibernate,snyk,success,0,
amigoscode@spring-boot-security-course,snyk,success,0,
Stratio@stratio-connector-decision,snyk,success,0,
radanalyticsio@spark-operator,snyk,success,0,
godcheese@nimrod,snyk,success,0,
tbroyer@gwt-maven-plugin,snyk,success,0,
intendia-oss@autorest,snyk,success,0,
fiji@Stitching,snyk,success,0,
segmentio@analytics-java,snyk,success,0,
jpush@jmessage-api-java-client,snyk,success,0,
SonicCloudOrg@sonic-agent,snyk,success,0,
jobmission@oauth2-client,snyk,success,0,
funnyzpc@mee-admin,snyk,success,0,
Stratio@stratio-connector-elasticsearch,snyk,success,0,
apigee@apigee-deploy-maven-plugin,snyk,success,0,
tencentyun@cos_migrate_tool_v5,snyk,success,0,
aws-samples@aws-device-farm-appium-tests-for-sample-app,snyk,success,0,
VGEAREN@webdav-caiyun,snyk,success,0,
koushikkothagal@betterreads-webapp,snyk,success,0,
willwu1984@springboot-cas-shiro,snyk,success,0,
Stratio@stratio-connector-mongodb,snyk,success,0,
shekhargulati@todoapp-spark,snyk,success,0,
bezkoder@spring-boot-refresh-token-jwt,snyk,success,0,
farsunset@netty-http-server,snyk,success,0,
Athou@commafeed,snyk,success,0,
depycode@fastjson-local-echo,snyk,success,0,
amigoscode@spring-data-jpa-course,snyk,success,0,
selenium-cucumber@selenium-cucumber-java,snyk,success,0,
gshipley@wild-west-kubernetes,snyk,success,0,
j-martinez-dev@shiro-jwt,snyk,success,0,
jenkinsci@docker-plugin,snyk,success,0,
komoot@photon,snyk,success,0,
fuzhengwei@EasyRiggerInitializr,snyk,success,0,
bosondata@elasticsearch-analysis-bosonnlp,snyk,success,0,
OCR4all@OCR4all,snyk,success,0,
wttech@AEM-Rules-for-SonarQube,snyk,success,0,
robovm@robovm,snyk,success,0,
vasia@gelly-streaming,snyk,success,0,
xedin@disruptor_thrift_server,snyk,success,0,
ksprojects@zkcopy,snyk,success,0,
aidanwhiteley@books,snyk,success,0,
kolorobot@spring-boot-thymeleaf,snyk,success,0,
Nasruddin@elasticsearch-reactive-spring-data,snyk,success,0,
jenkinsci@nodejs-plugin,snyk,success,0,
ahmet-cetinkaya@hrms-project-backend,snyk,success,0,
tikv@client-java,snyk,success,0,
AmadeusITGroup@sonar-stash,snyk,success,0,
spring-cloud@spring-cloud-openfeign,snyk,success,0,
StevenKin@ZhihuQuestionsSpider,snyk,success,0,
neo4j-contrib@neo4j-elasticsearch,snyk,success,0,
spring-petclinic@spring-petclinic-rest,snyk,success,0,
streaming-with-flink@examples-java,snyk,success,0,
fuhaiwei@springboot_security_restful_api,snyk,success,0,
wuchong@my-flink-project,snyk,success,0,
brettwooldridge@HikariCP-benchmark,snyk,success,0,
Matrix6677@EasyRpc,snyk,success,0,
charithe@kafka-junit,snyk,success,0,
fiji@TrackMate,snyk,success,0,
rythmengine@rythmengine,snyk,success,0,
tdunning@log-synth,snyk,success,0,
xtuhcy@socks5-netty,snyk,success,0,
jagrosh@GiveawayBot,snyk,success,0,
jagrosh@Vortex,snyk,success,0,
edwardcapriolo@gossip,snyk,success,0,
jenkinsci@hashicorp-vault-plugin,snyk,success,0,
karcan@HRMS.Java,snyk,success,0,
ard333@spring-boot-webflux-jjwt,snyk,success,0,
mariorez@kanban-board,snyk,success,0,
lz2y@yaml-payload-for-ruoyi,snyk,success,0,
spring-petclinic@spring-framework-petclinic,snyk,success,0,
criccomini@ezdb,snyk,success,0,
jenkinsci@jclouds-plugin,snyk,success,0,
MichelliBrito@ms-email,snyk,success,0,
dsyer@spring-boot-micro-apps,snyk,success,0,
yermak@AudioBookConverter,snyk,success,0,
jenkinsci@kubernetes-plugin,snyk,success,0,
st-tu-dresden@guestbook,snyk,success,0,
jprante@elasticsearch-transport-websocket,snyk,success,0,
DieReicheErethons@Brewery,snyk,success,0,
callicoder@spring-boot-postgresql-jpa-hibernate-rest-api-demo,snyk,success,0,
threedr3am@JSP-WebShells,snyk,success,0,
ScienJus@spring-authorization-manager,snyk,success,0,
jhipster@jhipster-registry,snyk,success,0,
zd2100@PScout,snyk,success,0,
mguessan@davmail,snyk,success,0,
ScienJus@pixiv-crawler,snyk,success,0,
yskgood@dubbo-hystrix-support,snyk,success,0,
indeedeng@mph-table,snyk,success,0,
gwenshap@kafka-streams-stockstats,snyk,success,0,
jpsoroulas@java8-patterns,snyk,success,0,
reugn@dev-tools,snyk,success,0,
xtuhcy@gecco,snyk,success,0,
jmrozanec@pdf-converter,snyk,success,0,
Scrin@RuuviCollector,snyk,success,0,
clir@clearnlp,snyk,success,0,
jagrosh@DiscordIPC,snyk,success,0,
isrsal@spring-mvc-logger,snyk,success,0,
andresoviedo@google-drive-ftp-adapter,snyk,success,0,
davidmarquis@redis-scheduler,snyk,success,0,
eliasnogueira@appium-parallel-execution,snyk,success,0,
Zoctan@spring-boot-api-seedling,snyk,success,0,
jenkinsci@bitbucket-branch-source-plugin,snyk,success,0,
rememberber@WeSync,snyk,success,0,
RUB-NDS@BurpSSOExtension,snyk,success,0,
jenkinsci@git-client-plugin,snyk,success,0,
graphaware@graph-aided-search,snyk,success,0,
spapas@pdf-sign-check,snyk,success,0,
spring-cloud-samples@eureka,snyk,success,0,
anthonyraymond@joal,snyk,success,0,
bezkoder@spring-boot-spring-security-jwt-authentication,snyk,success,0,
zuihou@lamp-generator,snyk,success,0,
jlinn@elasticsearch-analysis-url,snyk,success,0,
vert-x3@vertx-zookeeper,snyk,success,0,
whz11@qynat-spring-boot-starter,snyk,success,0,
lior-k@fast-elasticsearch-vector-scoring,snyk,success,0,
WasiqB@coteafs-appium,snyk,success,0,
adorsys@keycloak-config-cli,snyk,success,0,
OpenHFT@Chronicle-Logger,snyk,success,0,
st-tu-dresden@salespoint,snyk,success,0,
Borisvl@bigbash,snyk,success,0,
dasniko@keycloak-2fa-sms-authenticator,snyk,success,0,
lipiji@JRNN,snyk,success,0,
nuxeo@gatling-report,snyk,success,0,
veracode-research@rogue-jndi,snyk,success,0,
apache@commons-jcs,snyk,success,0,
linkfluence@fastText4j,snyk,success,0,
Patresss@Java-Own-Framework---step-by-step,snyk,success,0,
vncorenlp@VnCoreNLP,snyk,success,0,
brettwooldridge@SansOrm,snyk,success,0,
mp911de@logstash-gelf,snyk,success,0,
OpenHFT@Chronicle-Map,snyk,success,0,
caprica@vlcj-player,snyk,success,0,
emorynlp@nlp4j-old,snyk,success,0,
MySixGod@SpringImpl_v2.0,snyk,success,0,
qwhai@design-pattern,snyk,success,0,
asher-stern@CRF,snyk,success,0,
casteng@i-pascal,snyk,success,0,
clonalman@SMS-China,snyk,success,0,
couchbase@couchbase-java-client,snyk,success,0,
datanucleus@datanucleus-core,snyk,success,0,
lexburner@kdio,snyk,success,0,
lexburner@queue-race,snyk,success,0,
mauricioaniche@codesheriff,snyk,success,0,
mybatis@ibatis-2,snyk,success,0,
myui@btree4j,snyk,success,0,
openinx@minibase,snyk,success,0,
PGMDev@PGM,snyk,success,0,
radsz@jacop,snyk,success,0,
thymeleaf@thymeleafexamples-gtvg,snyk,success,0,
thymeleaf@thymeleafexamples-stsm,snyk,success,0,
vanilladb@vanillacore,snyk,success,0,
yyc-dev@douyu-sdk,snyk,success,0,
zrlio@disni,snyk,success,0,
qala-io@java-course,snyk,success,0,
jenkinsci@dingtalk-plugin,snyk,success,0,
megagao@IndoorPos,snyk,success,0,
jenkinsci@email-ext-plugin,snyk,success,0,
huaban@elasticsearch-analysis-jieba,snyk,success,0,
spotbugs@sonar-findbugs,snyk,success,0,
otaviojava@Easy-Cassandra,snyk,success,0,
callicoder@spring-boot-quartz-scheduler-email-scheduling,snyk,success,0,
jenkinsci@jira-steps-plugin,snyk,success,0,
codelibs@elasticsearch-reindexing,snyk,success,0,
codelibs@elasticsearch-taste,snyk,success,0,
jlefebure@spring-boot-starter-minio,snyk,success,0,
QualInsight@qualinsight-plugins-sonarqube-badges,snyk,success,0,
gabrieldim@Email-Sender-Spring-Boot,snyk,success,0,
gabrieldim@PDF-Generator-Spring-Boot,snyk,success,0,
mechero@spring-boot-testing-strategies,snyk,success,0,
miwurster@spring-data-influxdb,snyk,success,0,
Asquera@elasticsearch-http-basic,snyk,success,0,
lgxqf@UICrawler,snyk,success,0,
binarywang@weixin-java-pay-demo,snyk,success,0,
intoolswetrust@ldap-server,snyk,success,0,
ginobefun@elasticsearch-feature-vector-scoring,snyk,success,0,
gitchennan@elasticsearch-analysis-lc-pinyin,snyk,success,0,
medcl@elasticsearch-analysis-mmseg,snyk,success,0,
cn-panda@logbackRceDemo,snyk,success,0,
GrammarViz2@grammarviz2_src,snyk,success,0,
jMotif@SAX,snyk,success,0,
jMotif@sax-vsm_classic,snyk,success,0,
fordes123@subtitles-view,snyk,success,0,
hengyunabc@zabbix-api,snyk,success,0,
whz11@log-collector,snyk,success,0,
acciente@oacc-core,snyk,success,0,
kogitant@sonar-slack-notifier-plugin,snyk,success,0,
mybatis@ignite-cache,snyk,success,0,
RedisLabs@redis-quartz,snyk,success,0,
jenkinsci@embeddable-build-status-plugin,snyk,success,0,
mechero@spring-boot-amqp-messaging,snyk,success,0,
warmuuh@libsass-maven-plugin,snyk,success,0,
jenkinsci@credentials-plugin,snyk,success,0,
vbauer@herald,snyk,success,0,
apache@maven-enforcer,snyk,success,0,
snicoll@demo-animated-banner,snyk,success,0,
thatcherclough@BetterBackdoor,snyk,success,0,
yulichang@mybatis-plus-join,snyk,success,0,
onch-at@onchat,snyk,success,0,
core-lib@xjar-maven-plugin,snyk,success,0,
web3j@web3j-maven-plugin,snyk,success,0,
apache@camel-spring-boot,snyk,success,0,
dadoonet@legacy-search,snyk,success,0,
pwntester@DupeKeyInjector,snyk,success,0,
saravanastar@video-streaming,snyk,success,0,
xabgesagtx@telegram-spring-boot-starter,snyk,success,0,
JoyLau@joylau-springboot-daemon-windows,snyk,success,0,
wvengen@proguard-maven-plugin,snyk,success,0,
kwoding@sonar-webdriver-plugin,snyk,success,0,
Peithon@JustC2file,snyk,success,0,
semanticvectors@semanticvectors,snyk,success,0,
pac4j@pac4j,snyk,success,0,
apache@maven-release,snyk,success,0,
alibaba@asyncload,snyk,success,0,
pgr0ss@bazel-deps,snyk,success,0,
chengdedeng@perseus,snyk,success,0,
gluonhq@gluonfx-maven-plugin,snyk,success,0,
hazelcast@spring-data-hazelcast,snyk,success,0,
makersoft@mybatis-shards,snyk,success,0,
mojohaus@flatten-maven-plugin,snyk,success,0,
rasto@lcmc,snyk,success,0,
remondis-it@remap,snyk,success,0,
bazaarvoice@maven-process-plugin,snyk,success,0,
STAMP-project@pitest-descartes,snyk,success,0,
eXsio@nestedj,snyk,success,0,
fast-sql@FastSQL,snyk,success,0,
danielflower@multi-module-maven-release-plugin,snyk,success,0,
juanmf@Java2PlantUML,snyk,success,0,
javolution@javolution,snyk,success,0,
spring-projects@spring-guice,snyk,success,0,
trustin@os-maven-plugin,snyk,success,0,
apache@maven-scm,snyk,success,0,
git-commit-id@git-commit-id-maven-plugin,snyk,success,0,
qaware@go-offline-maven-plugin,snyk,success,0,
bkiers@Mu,snyk,success,0,
bkiers@tiny-language-antlr4,snyk,success,0,
egineering-llc@gitflow-helper-maven-plugin,snyk,success,0,
fordfrog@apgdiff,snyk,success,0,
jmeter-maven-plugin@jmeter-maven-plugin,snyk,success,0,
johnpoth@jshell-maven-plugin,snyk,success,0,
phax@ph-css,snyk,success,0,
AdamBien@wad,snyk,success,0,
CompassSecurity@SAMLRaider,snyk,success,0,
DataReply@kafka-connect-mongodb,snyk,success,0,
lyg5623@lightgbm_predict4j,snyk,success,0,
harwey@cups4j,snyk,success,0,
tcurdt@jdeb,snyk,success,0,
societe-generale@arch-unit-maven-plugin,snyk,success,0,
bitrich-info@xchange-stream,snyk,success,0,
fujieid@jap,snyk,success,0,
je-ge@jpa,snyk,success,0,
RyanSusana@elepy,snyk,success,0,
bomboradata@pubsub-to-bigquery,snyk,success,0,
googlegenomics@dockerflow,snyk,success,0,
takidau@streamingbook,snyk,success,0,
KnisterPeter@jreact,snyk,success,0,
awslabs@amazon-kinesis-video-streams-producer-sdk-java,snyk,success,0,
allbegray@slack-api,snyk,success,0,
uma-pi1@minie,snyk,success,0,
postaddictme@instagram-java-scraper,snyk,success,0,
dynjs@dynjs,snyk,success,0,
ChannelApe@shopify-sdk,snyk,success,0,
javasoze@clue,snyk,success,0,
aimmac23@selenium-video-node,snyk,success,0,
buremba@netty-rest,snyk,success,0,
Noahs-ARK@semafor,snyk,success,0,
CleverTap@apns-http2,snyk,success,0,
IHTSDO@snomed-owl-toolkit,snyk,success,0,
inreachventures@aws-signing-request-interceptor,snyk,success,0,
SimpleAmazonGlacierUploader@SAGU,snyk,success,0,
amazon-archives@aws-request-signing-apache-interceptor,snyk,success,0,
johanandren@akka-actor-java8-webinar,snyk,success,0,
OpenHFT@Chronicle-Wire,snyk,success,0,
paukiatwee@budgetapp,snyk,success,0,
RickyHuo@hangout-output-clickhouse,snyk,success,0,
bravobit@jPastebin,snyk,success,0,
EOSEssentials@eos-java-rpc-wrapper,snyk,success,0,
espritblock@eos4j,snyk,success,0,
microbean@microbean-helm,snyk,success,0,
spotify@async-google-pubsub-client,snyk,success,0,
reinert@JJSchema,snyk,success,0,
kaiwaehner@tensorflow-serving-java-grpc-kafka-streams,snyk,success,0,
spotify@docker-maven-plugin,snyk,success,0,
yuqi1129@calcite-test,snyk,success,0,
HubSpot@jinjava,snyk,success,0,
abashev@vfs-s3,snyk,success,0,
alexa@alexa-skills-kit-sdk-for-java,snyk,success,0,
awslabs@kinesis-kafka-connector,snyk,success,0,
spoofzu@DeepViolet,snyk,success,0,
ballcat-projects@ballcat,snyk,success,0,
YeautyYE@nacos-nginx-template,snyk,success,0,
bitquest@bitquest,snyk,success,0,
GateNLP@gate-core,snyk,success,0,
matthiaszimmermann@ethereum-paper-wallet,snyk,success,0,
hapifhir@org.hl7.fhir.core,snyk,success,0,
lucko@helper,snyk,success,0,
zuihou@lamp-util,snyk,success,0,
spring-cloud@spring-cloud-cloudfoundry,snyk,success,0,
socrata@datasync,snyk,success,0,
quarkusio@quarkus-quickstarts,snyk,success,0,
uber-common@jvm-profiler,snyk,success,0,
awslabs@dynamodb-streams-kinesis-adapter,snyk,success,0,
cdk@cdk,snyk,success,0,
mapr-demos@kafka-sample-programs,snyk,success,0,
lennartkoopmann@nzyme,snyk,success,0,
bmwcarit@barefoot,snyk,success,0,
codefollower@Tomcat-Research,snyk,success,0,
FirelyTeam@fhirstarters,snyk,success,0,
ilmila@J2EEScan,snyk,success,0,
gephi@gephi-plugins-bootcamp,snyk,success,0,
reactiverse@vertx-maven-plugin,snyk,success,0,
GoogleCloudPlatform@bank-of-anthos,snyk,success,0,
ofdrw@ofdrw,snyk,success,0,
FasterXML@jackson-datatype-hibernate,snyk,success,0,
aws-samples@amazon-kinesis-learning,snyk,success,0,
HolgerHees@cloudsync,snyk,success,0,
jenkinsci@ssh-slaves-plugin,snyk,success,0,
GoogleCloudPlatform@bigquery-data-lineage,snyk,success,0,
spdx@tools,snyk,success,0,
jonashackt@spring-boot-vuejs,snyk,success,0,
ivi-ru@flink-clickhouse-sink,snyk,success,0,
benalexau@rpc-bench,snyk,success,0,
Xceptance@neodymium-library,snyk,success,0,
xuxueli@xxl-crawler,snyk,success,0,
ChestShop-authors@ChestShop-3,snyk,success,0,
aerospike@aerospike-client-java,snyk,success,0,
cflint@CFLint,snyk,success,0,
dmx-systems@dmx-platform,snyk,success,0,
disneystreaming@pg2k4j,snyk,success,0,
hsiafan@cute-proxy,snyk,success,0,
hapifhir@hapi-fhir-jpaserver-starter,snyk,success,0,
ArangoDB-Community@arangodb-tinkerpop-provider,snyk,success,0,
Cruii@learning-servlet,snyk,success,0,
meraki-analytics@orianna,snyk,success,0,
seleniumQuery@seleniumQuery,snyk,success,0,
orientechnologies@orientdb-gremlin,snyk,success,0,
dibo-software@diboot,snyk,success,0,
Flameish@Novel-Grabber,snyk,success,0,
hap-java@HAP-Java,snyk,success,0,
momosecurity@mosec-maven-plugin,snyk,success,0,
fabric8io@shootout-docker-maven,snyk,success,0,
apache@jclouds,snyk,success,0,
apache@xmlgraphics-batik,snyk,success,0,
terasolunaorg@terasoluna-gfw,snyk,success,0,
cescoffier@reactive-coffeeshop-demo,snyk,success,0,
aws-samples@amazon-kinesis-analytics-taxi-consumer,snyk,success,0,
barancev@webdriver-factory,snyk,success,0,
sopra-steria-norge@extreme_startup_servers,snyk,success,0,
vivo-project@VIVO,snyk,success,0,
bonigarcia@dualsub,snyk,success,0,
Wolfgang-Schuetzelhofer@jcypher,snyk,success,0,
google@gke-auditor,snyk,success,0,
verilylifesciences@genomewarp,snyk,success,0,
spotify@async-datastore-client,snyk,success,0,
sendgrid@sendgrid-java,snyk,success,0,
sayems@java.webdriver,snyk,success,0,
assertthat@selenium-shutterbug,snyk,success,0,
vert-x3@vertx-service-discovery,snyk,success,0,
pcingola@SnpEff,snyk,success,0,
bonigarcia@selenium-jupiter,snyk,success,0,
lenis0012@LoginSecurity-2,snyk,success,0,
libraryaddict@LibsDisguises,snyk,success,0,
gravetii@diztl,snyk,success,0,
awslabs@amazon-sqs-java-extended-client-lib,snyk,success,0,
vietj@vertx-http-proxy,snyk,success,0,
grishka@Smithereen,snyk,success,0,
bonigarcia@webdrivermanager,snyk,success,0,
gkcs@Competitive-Programming,snyk,success,0,
iotaledger@iota-java,snyk,success,0,
su18@JNDI,snyk,success,0,
diegoceccarelli@json-wikipedia,snyk,success,0,
mstahv@jpa-invoicer,snyk,success,0,
StreakYC@mache,snyk,success,0,
usethesource@rascal,snyk,success,0,
wayn111@newbee-mall,snyk,success,0,
spotify@dbeam,snyk,success,0,
wuchong@flink-sql-submit,snyk,success,0,
frandallfarmer@neohabitat,snyk,success,0,
AddstarMC@Prism-Bukkit,snyk,success,0,
Static-Flow@BurpSuite-Team-Extension,snyk,success,0,
gauravojha@tij4-maven,snyk,success,0,
vinsguru@pdf-util,snyk,success,0,
jitsi@jigasi,snyk,success,0,
orbisgis@h2gis,snyk,success,0,
spring-cloud@spring-cloud-vault,snyk,success,0,
aadnk@ProtocolLib,snyk,success,0,
uwol@computational-economy,snyk,success,0,
boncey@Flickr4Java,snyk,success,0,
bonigarcia@mastering-junit5,snyk,success,0,
CharafeddineMechalikh@PureEdgeSim,snyk,success,0,
wcrasta@TwitterBoost-Tools,snyk,success,0,
jenkinsci@github-plugin,snyk,success,0,
diabolicallabs@vertx-cron,snyk,success,0,
abola@CrawlerPack,snyk,success,0,
apache@predictionio-sdk-java,snyk,success,0,
Contrast-Security-OSS@cassandra-migration,snyk,success,0,
smartcat-labs@cassandra-migration-tool-java,snyk,success,0,
awslabs@amazon-kinesis-aggregators,snyk,success,0,
Breinify@brein-time-utilities,snyk,success,0,
contentful@contentful.java,snyk,success,0,
alaisi@postgres-async-driver,snyk,success,0,
sndyuk@logback-more-appenders,snyk,success,0,
AnyListen@elasticsearch-analysis-hanlp,snyk,success,0,
radkovo@CSSBox,snyk,success,0,
plutext@docx4j-ImportXHTML,snyk,success,0,
spring-cloud@spring-cloud-deployer,snyk,success,0,
pxlsspace@Pxls,snyk,success,0,
mitreid-connect@json-web-key-generator,snyk,success,0,
Nuytemans-Dieter@BetterSleeping,snyk,success,0,
samaxes@minify-maven-plugin,snyk,success,0,
corunet@kloadgen,snyk,success,0,
dongzl@netty-handbook,snyk,success,0,
eldur@jwbf,snyk,success,0,
google@closure-stylesheets,snyk,success,0,
kawansoft@aceql-http,snyk,success,0,
klymenek@modjn,snyk,success,0,
Rogiel@torrent4j,snyk,success,0,
yegor256@xembly,snyk,success,0,
yinwang0@rubysonar,snyk,success,0,
faiqsohail@ProxyChecker,snyk,success,0,
splunk@splunk-sdk-java,snyk,success,0,
spring-cloud@spring-cloud-task,snyk,success,0,
streamx-co@FluentJPA,snyk,success,0,
SoftInstigate@restheart,snyk,success,0,
michael-simons@biking2,snyk,success,0,
esastack@esa-httpserver,snyk,success,0,
vert-x3@vertx-maven-starter,snyk,success,0,
jenkinsci@jira-plugin,snyk,success,0,
dgageot@simplelenium,snyk,success,0,
codelibs@elasticsearch-dataformat,snyk,success,0,
eliasnogueira@selenium-java-lean-test-architecture,snyk,success,0,
JakeWharton@picasso2-okhttp3-downloader,snyk,success,0,
logpresso@CVE-2021-44228-Scanner,snyk,success,0,
vancefantasy@flyer-maker,snyk,success,0,
WasiqB@coteafs-selenium,snyk,success,0,
robrua@easy-bert,snyk,success,0,
ForgeRock@es-change-feed-plugin,snyk,success,0,
acexy@smartqq-agreement-core,snyk,success,0,
Atmosphere@wasync,snyk,success,0,
dhengyi@multithreading-crawlers,snyk,success,0,
marbl@MHAP,snyk,success,0,
xuxueli@xxl-tool,snyk,success,0,
FasterXML@jackson-dataformats-binary,snyk,success,0,
simlu@voxelshop,snyk,success,0,
spring-projects@spring-data-elasticsearch,snyk,success,0,
oracle@oci-java-sdk,snyk,success,0,
adnovum@sonar-build-breaker,snyk,success,0,
bergerhealer@BKCommonLib,snyk,success,0,
bergerhealer@TrainCarts,snyk,success,0,
khjxiaogu@MiraiSongPlugin,snyk,success,0,
tobyweston@simple-excel,snyk,success,0,
zentity-io@zentity,snyk,success,0,
saalfeldlab@n5,snyk,success,0,
tpopela@vips_java,snyk,success,0,
freedev@solr-import-export-json,snyk,success,0,
rickfast@consul-client,snyk,success,0,
spring-projects@spring-vault,snyk,success,0,
UniversalMediaServer@UniversalMediaServer,snyk,success,0,
dzikoysk@pandomium,snyk,success,0,
yandex@burp-molly-scanner,snyk,success,0,
yonathan95@BinanceTradingBot,snyk,success,0,
alexnederlof@Jasper-report-maven-plugin,snyk,success,0,
AppsFlyer@donkey,snyk,success,0,
dlsc-software-consulting-gmbh@GemsFX,snyk,success,0,
msemys@esjc,snyk,success,0,
pac4j@play-pac4j,snyk,success,0,
shashirajraja@onlinebookstore,snyk,success,0,
MorphiaOrg@morphia,snyk,success,0,
jitsi@jicofo,snyk,success,0,
nodebox@nodebox,snyk,success,0,
fabric8io@mockwebserver,snyk,success,0,
prometheus@cloudwatch_exporter,snyk,success,0,
shapesecurity@shift-java,snyk,success,0,
zavtech@morpheus-core,snyk,success,0,
anxpp@Java-IO,snyk,success,0,
bit4woo@Fiora,snyk,success,0,
ethlo@jsons2xsd,snyk,success,0,
GeyserMC@PacketLib,snyk,success,0,
kcthota@emoji4j,snyk,success,0,
leangen@graphql-spqr,snyk,success,0,
square@pagerduty-incidents,snyk,success,0,
studerw@td-ameritrade-client,snyk,success,0,
Syncleus@Ferma,snyk,success,0,
TopQuadrant@shacl,snyk,success,0,
swagger-api@swagger-parser,snyk,success,0,
bit4woo@domain_hunter,snyk,success,0,
simioni87@auth_analyzer,snyk,success,0,
gephi@gephi-toolkit-demos,snyk,success,0,
jasminb@jsonapi-converter,snyk,success,0,
link1107@DonationExecutor,snyk,success,0,
mastercoms@SlackMC,snyk,success,0,
nivance@DPModel,snyk,success,0,
opentable@otj-pg-embedded,snyk,success,0,
patriques82@alphavantage4j,snyk,success,0,
small-dream@China_Province_City,snyk,success,0,
THLfi@koronavilkku-backend,snyk,success,0,
useraddZYB@time-tracker,snyk,success,0,
vhyza@elasticsearch-analysis-lemmagen,snyk,success,0,
farin@JCloisterZone,snyk,success,0,
gaia-app@gaia,snyk,success,0,
jenkinsci@workflow-cps-plugin,snyk,success,0,
opendedup@sdfs,snyk,success,0,
yangzongzhuan@RuoYi-Vue-fast,snyk,success,0,
majusko@pulsar-java-spring-boot-starter,snyk,success,0,
magro@kryo-serializers,snyk,success,0,
hotchemi@LruCache,snyk,success,0,
codelibs@elasticsearch-cluster-runner,snyk,success,0,
folio-org@okapi,snyk,success,0,
MarcGiffing@bucket4j-spring-boot-starter,snyk,success,0,
yandex-qatools@postgresql-embedded,snyk,success,0,
codelibs@elasticsearch-auth,snyk,success,0,
spinscale@elasticsearch-graphite-plugin,snyk,success,0,
zenobase@geocluster-facet,snyk,success,0,
phybros@servertap,snyk,success,0,
asciidoctor@asciidoctor-maven-plugin,snyk,success,0,
healenium@healenium-web,snyk,success,0,
jitsi@jitsi-hammer,snyk,success,0,
NarimanN2@ParsiAnalyzer,snyk,success,0,
apache@maven-wrapper,snyk,success,0,
reficio@p2-maven-plugin,snyk,success,0,
redis@redis-om-spring,snyk,success,0,
dadoonet@spring-elasticsearch,snyk,success,0,
infowangxin@springboot-freemarker,snyk,success,0,
jasonwinning@hypernomicon,snyk,success,0,
neva-dev@felix-search-webconsole-plugin,snyk,success,0,
aws@aws-encryption-sdk-java,snyk,success,0,
ClickHouse@clickhouse-jdbc-bridge,snyk,success,0,
jcustenborder@kafka-connect-spooldir,snyk,success,0,
maven-nar@nar-maven-plugin,snyk,success,0,
cyuanxin@excel_export_import,snyk,success,0,
kairosdb@kairosdb-client,snyk,success,0,
864381832@xJavaFxTool,snyk,success,0,
awslabs@amazon-sqs-java-temporary-queues-client,snyk,success,0,
Brettflan@WorldBorder,snyk,success,0,
games647@FlexibleLogin,snyk,success,0,
gaul@are-we-consistent-yet,snyk,success,0,
hsp8712@addrparser,snyk,success,0,
medcl@elasticsearch-analysis-pinyin,snyk,success,0,
medcl@elasticsearch-analysis-stconvert,snyk,success,0,
vert-x3@vertx-web,snyk,success,0,
aws@aws-cloudtrail-processing-library,snyk,success,0,
Craftware@aws-lambda-unzip,snyk,success,0,
Huskehhh@MySQL,snyk,success,0,
rieckpil@testing-spring-boot-applications-masterclass,snyk,success,0,
TheKingOfDuck@MySQLMonitor,snyk,success,0,
Trisia@alg-sm2-demo,snyk,success,0,
GoldenGnu@jeveassets,snyk,success,0,
amihaiemil@docker-java-api,snyk,success,0,
AxonIQ@giftcard-demo,snyk,success,0,
callicoder@java-read-write-excel-file-using-apache-poi,snyk,success,0,
chj9@es_data_export,snyk,success,0,
International-Data-Spaces-Association@DataspaceConnector,snyk,success,0,
jcustenborder@kafka-connect-archtype,snyk,success,0,
jeevatkm@digitalocean-api-java,snyk,success,0,
jsonld-java@jsonld-java,snyk,success,0,
leonchen83@redis-rdb-cli,snyk,success,0,
lucko@BungeeGuard,snyk,success,0,
md-5@SpecialSource,snyk,success,0,
mmazi@rescu,snyk,success,0,
Multiverse@Multiverse-Inventories,snyk,success,0,
Osiris-Team@HBrowser,snyk,success,0,
rabbitmq@hop,snyk,success,0,
tenlee2012@elasticsearch-analysis-hao,snyk,success,0,
usualwyy@PowerScanner,snyk,success,0,
Vatavuk@excel-io,snyk,success,0,
vulnersCom@burp-vulners-scanner,snyk,success,0,
wechatpay-apiv3@CertificateDownloader,snyk,success,0,
bguerout@jongo,snyk,success,0,
camunda-community-hub@zeebe-simple-monitor,snyk,success,0,
chenjianjx@wsdl2html,snyk,success,0,
dernasherbrezon@r2cloud,snyk,success,0,
EdgarLopezPhD@PaySim,snyk,success,0,
gabrieldim@Shopping-List-API,snyk,success,0,
GeyserMC@MCProtocolLib,snyk,success,0,
GreedyStar@generator,snyk,success,0,
HarvardPL@formulog,snyk,success,0,
jenkinsci@analysis-model,snyk,success,0,
js-cookie@java-cookie,snyk,success,0,
lambdazen@bitsy,snyk,success,0,
lining90567@netty-rest-server,snyk,success,0,
maricn@logback-slack-appender,snyk,success,0,
mcMMO-Dev@mcMMO,snyk,success,0,
openmessaging@dledger,snyk,success,0,
Photon-GitHub@AntiCheatAddition,snyk,success,0,
Pluto-Whong@natcross2,snyk,success,0,
Progether@JAdventure,snyk,success,0,
ralscha@extdirectspring,snyk,success,0,
ruby-processing@JRubyArt,snyk,success,0,
spring-cloud@spring-cloud-stream-binder-kafka,snyk,success,0,
sterlp@svg2png,snyk,success,0,
twitter-archive@cloudhopper-smpp,snyk,success,0,
vaemendis@hccd,snyk,success,0,
EngineHub@CommandHelper,snyk,success,0,
forcedotcom@EMP-Connector,snyk,success,0,
Phoenix616@Snap,snyk,success,0,
GitHub-Laziji@code-generator,snyk,success,0,
google@guava-beta-checker,snyk,success,0,
houbb@junitperf,snyk,success,0,
hydromatic@morel,snyk,success,0,
InventivetalentDev@AnimatedFrames,snyk,success,0,
iorixxx@lucene-solr-analysis-turkish,snyk,success,0,
jomarnavarro@introWebDriver,snyk,success,0,
jomarnavarro@junitWebDriver,snyk,success,0,
jomarnavarro@pepinazo,snyk,success,0,
koraktor@steam-condenser-java,snyk,success,0,
linouxis9@ARMStrong,snyk,success,0,
MarginallyClever@Makelangelo-software,snyk,success,0,
splunk@kafka-connect-splunk,snyk,success,0,
tranxactive@J2PAY,snyk,success,0,
aws-cloudformation@cloudformation-resource-schema,snyk,success,0,
beanshell@beanshell,snyk,success,0,
binarywang@java-emoji-converter,snyk,success,0,
confluentinc@kafka-connect-jdbc,snyk,success,0,
Coreoz@Wisp,snyk,success,0,
drtshock@PlayerVaults,snyk,success,0,
dschadow@JavaSecurity,snyk,success,0,
duydo@elasticsearch-analysis-vietnamese,snyk,success,0,
FasterXML@jackson-jr,snyk,success,0,
fiber-space@jupyter-kernel-jsr223,snyk,success,0,
gitbucket@markedj,snyk,success,0,
gresrun@jesque,snyk,success,0,
heremaps@oksse,snyk,success,0,
hneemann@Digital,snyk,success,0,
limeng32@mybatis.flying,snyk,success,0,
logzio@jmx2graphite,snyk,success,0,
mhshams@jnbis,snyk,success,0,
mr-m0nst3r@Burpy,snyk,success,0,
niumoo@bing-wallpaper,snyk,success,0,
NLPchina@elasticsearch-analysis-ansj,snyk,success,0,
pmiaowu@BurpFastJsonScan,snyk,success,0,
ronmamo@reflections,snyk,success,0,
ScriptKid-Beta@WebBatchRequest,snyk,success,0,
taycaldwell@riot-api-java,snyk,success,0,
vimasig@Bozar,snyk,success,0,
zmilla93@SlimTrade,snyk,success,0,
spring-io@github-changelog-generator,snyk,success,0,
apache@directory-server,snyk,success,0,
vlingo@xoom-designer,snyk,success,0,
tls-attacker@TLS-Attacker,snyk,success,0,
phax@phoss-smp,snyk,success,0,
vlingo@xoom-actors,snyk,success,0,
jklingsporn@vertx-jooq,snyk,success,0,
timboudreau@acteur,snyk,success,0,
l42111996@java-Kcp,snyk,success,0,
lets-blade@blade,snyk,success,0,
camunda-community-hub@spring-zeebe,snyk,success,0,
keepcosmos@beanmother,snyk,success,0,
robinst@git-merge-repos,snyk,success,0,
adminfaces@admin-template,snyk,success,0,
apache@qpid-jms,snyk,success,0,
networknt@light-rest-4j,snyk,success,0,
jitsi@libjitsi,snyk,success,0,
openshift@openshift-restclient-java,snyk,success,0,
spring-projects-experimental@spring-cloud-square,snyk,success,0,
coveooss@saml-client,snyk,success,0,
future-architect@uroborosql,snyk,success,0,
timboudreau@netty-http-client,snyk,success,0,
paultuckey@urlrewritefilter,snyk,success,0,
carrotsearch@smartsprites,snyk,success,0,
TheCookieLab@poloniex-api-java,snyk,success,0,
WaterdogPE@WaterdogPE,snyk,success,0,
dequelabs@axe-core-maven-html,snyk,success,0,
KittehOrg@KittehIRCClientLib,snyk,success,0,
pig-mesh@idempotent-spring-boot-starter,snyk,success,0,
vmzakharov@mutate-test-kata,snyk,success,0,
Simmetrics@simmetrics,snyk,success,0,
mojo-executor@mojo-executor,snyk,success,0,
TownyAdvanced@Towny,snyk,success,0,
yahoo@HaloDB,snyk,success,0,
awslabs@aws-lambda-powertools-java,snyk,success,0,
dlsc-software-consulting-gmbh@WorkbenchFX,snyk,success,0,
gridgain@yardstick,snyk,success,0,
labsai@EDDI,snyk,success,0,
lettuce-io@lettuce-core,snyk,success,0,
nexmark@nexmark,snyk,success,0,
ryan-clancy@PlugMan,snyk,success,0,
spring-projects@spring-data-cassandra,snyk,success,0,
camunda-community-hub@kafka-connect-zeebe,snyk,success,0,
chhsiao90@nitmproxy,snyk,success,0,
dasniko@testcontainers-keycloak,snyk,success,0,
Exceptionflug@protocolize,snyk,success,0,
firebase@firebase-admin-java,snyk,success,0,
ivangfr@springboot-kafka-connect-jdbc-streams,snyk,success,0,
monero-ecosystem@monero-java,snyk,success,0,
okta@samples-java-spring,snyk,success,0,
RuedigerMoeller@fast-cast,snyk,success,0,
SpringForAll@spring-boot-starter-swagger,snyk,success,0,
szhnet@kcp-netty,snyk,success,0,
ThisIsLibra@AndroidProjectCreator,snyk,success,0,
bouncestorage@chaos-http-proxy,snyk,success,0,
banshee@AndroidProguardScala,snyk,success,0,
codelion@gramtest,snyk,success,0,
mojohaus@jaxb2-maven-plugin,snyk,success,0,
OpenCCG@openccg,snyk,success,0,
qoomon@maven-git-versioning-extension,snyk,success,0,
SpoonLabs@gumtree-spoon-ast-diff,snyk,success,0,
spring-projects@spring-data-relational,snyk,success,0,
urbanairship@datacube,snyk,success,0,
AgilData@jperf,snyk,success,0,
antlr@codebuff,snyk,success,0,
awhitford@lombok.maven,snyk,success,0,
awslabs@amazon-sqs-java-messaging-lib,snyk,success,0,
BerryWorksSoftware@edi-json,snyk,success,0,
brsanthu@google-analytics-java,snyk,success,0,
canliture@nju-software-analysis-homework,snyk,success,0,
carlosCharz@fcmxmppserver,snyk,success,0,
depsypher@pngtastic,snyk,success,0,
javalite@jar-explorer,snyk,success,0,
jhalterman@sarge,snyk,success,0,
nastra@hackerrank,snyk,success,0,
ning@jvm-compressor-benchmark,snyk,success,0,
optimaize@language-detector,snyk,success,0,
penberg@fjord,snyk,success,0,
r00tSe7en@JNDIMonitor,snyk,success,0,
radkovo@Pdf2Dom,snyk,success,0,
raydac@java-binary-block-parser,snyk,success,0,
rohanpadhye@vasco,snyk,success,0,
SERG-Delft@jpacman-framework,snyk,success,0,
shibing624@similarity,snyk,success,0,
splunk@splunk-library-javalogging,snyk,success,0,
spring-cloud@spring-cloud-commons,snyk,success,0,
springdoc@springdoc-openapi-maven-plugin,snyk,success,0,
sputnikdev@bluetooth-manager,snyk,success,0,
tdunning@t-digest,snyk,success,0,
whwlsfb@Log4j2Scan,snyk,success,0,
zsoltherpai@fluent-jdbc,snyk,success,0,
Alovoa@alovoa,snyk,success,0,
asdfjkl@jerry,snyk,success,0,
bastillion-io@Bastillion-EC2,snyk,success,0,
cloudbees-oss@zendesk-java-client,snyk,success,0,
codelibs@jcifs,snyk,success,0,
ctrl-alt-dev@tps-parse,snyk,success,0,
darrachequesne@spring-data-jpa-datatables,snyk,success,0,
diguage@jdk-source-analysis,snyk,success,0,
drtrang@typehandlers-encrypt,snyk,success,0,
federicodotta@Java-Deserialization-Scanner,snyk,success,0,
Frameworkium@frameworkium-core,snyk,success,0,
gitflow-incremental-builder@gitflow-incremental-builder,snyk,success,0,
graphstream@gs-algo,snyk,success,0,
hellokaton@java-tips,snyk,success,0,
interference-project@interference,snyk,success,0,
jhipster@jhipster-sample-app-react,snyk,success,0,
jhipster@jhipster-sample-app-vuejs,snyk,success,0,
jhonnymertz@java-wkhtmltopdf-wrapper,snyk,success,0,
JMagician@Magician,snyk,success,0,
JOML-CI@JOML,snyk,success,0,
kmtong@logback-redis-appender,snyk,success,0,
LearnLib@automatalib,snyk,success,0,
michael-simons@wro4j-spring-boot-starter,snyk,success,0,
Nova41@SnowLeopard,snyk,success,0,
openwms@org.openwms,snyk,success,0,
oskopek@javaanpr,snyk,success,0,
pac4j@vertx-pac4j,snyk,success,0,
paul-hammant@ngWebDriver,snyk,success,0,
pazone@ashot,snyk,success,0,
pgjdbc@r2dbc-postgresql,snyk,success,0,
r2dbc@r2dbc-mssql,snyk,success,0,
stream-pi@server,snyk,success,0,
TheCoder4eu@BootsFaces-OSP,snyk,success,0,
TheKingOfDuck@evilzip,snyk,success,0,
zeroturnaround@zt-process-killer,snyk,success,0,
gomint@gomint,snyk,success,0,
liquibase@liquibase-hibernate,snyk,success,0,
zalando@opentracing-toolbox,snyk,success,0,
benjiman@lambda-type-references,snyk,success,0,
bjmashibing@bjmashbing-sysio,snyk,success,0,
bjmashibing@JUC,snyk,success,0,
code4wt@toy-spring,snyk,success,0,
danielshaya@ByteWatcher,snyk,success,0,
ertugrulcetin@GlueList,snyk,success,0,
fangyidong@json-simple,snyk,success,0,
feifa168@mytomcat,snyk,success,0,
forcedotcom@dataloader,snyk,success,0,
google@allocation-instrumenter,snyk,success,0,
huiwang@cracking-the-coding-interview,snyk,success,0,
hyperledger@fabric-gateway-java,snyk,success,0,
HypothesisWorks@hypothesis-java,snyk,success,0,
IanWraith@DMRDecode,snyk,success,0,
itext@i7j-rups,snyk,success,0,
kealdishx@idvalue-view-builder,snyk,success,0,
Kotlin@kotlin-interactive-shell,snyk,success,0,
leonoel@missionary,snyk,success,0,
mailjet@mailjet-apiv3-java,snyk,success,0,
mscharhag@oleaster,snyk,success,0,
mujave@iec,snyk,success,0,
mybatis@mybatis-dynamic-sql,snyk,success,0,
narkisr@nmap4j,snyk,success,0,
nipafx@demo-junit-5,snyk,success,0,
opennars@opennars,snyk,success,0,
OpticFusion1@MCAntiMalware,snyk,success,0,
PhantomThief@buffer-trigger,snyk,success,0,
PhantomThief@model-view-builder,snyk,success,0,
simpligility@maven-repository-tools,snyk,success,0,
smart-doc-group@smart-doc,snyk,success,0,
soot-oss@soot,snyk,success,0,
spring-projects@spring-data-couchbase,snyk,success,0,
spring-projects@spring-data-mongodb,snyk,success,0,
takari@takari-cpsuite,snyk,success,0,
uwolfer@gerrit-rest-java-client,snyk,success,0,
vbauer@caesar,snyk,success,0,
